Player,height (cm),weight (kg)
Curly Armstrong,180,77
Cliff Barker,188,83
Leo Barnhorst,193,86
Ed Bartels,196,88
Ralph Beard,178,79
Gene Berce,180,79
Charlie Black,196,90
Nelson Bobb,183,77
Jake Bornheimer,196,90
Vince Boryla,196,95
Don Boven,193,95
Harry Boykoff,208,102
Joe Bradley,190,79
Bob Brannum,196,97
Carl Braun,196,81
Frankie Brian,185,81
Price Brookfield,193,83
Bob Brown,193,92
Jim Browne,208,106
Walt Budko,196,99
Jack Burmaster,190,86
Tommy Byrnes,190,79
Bill Calhoun,190,81
Don Carlson,183,77
Bob Carpenter,196,90
Jake Carter,193,88
Al Cervi*,180,77
John Chaney,190,83
Leroy Chollet,188,86
Bill Closs,196,88
Paul Cloyd,188,81
Jack Coleman,201,88
Bobby Cook,178,70
Ray Corley,183,81
Jack Cotton,201,90
Dillard Crocker,193,92
Chink Crossin,185,74
Fran Curran,183,79
Jimmy Darden,185,77
Bob Davies*,185,79
Hook Dillon,190,81
Earl Dodd,196,79
Joe Dolhon,183,79
Bob Doll,196,88
Harry Donovan,188,81
Andy Duncan,198,88
Dike Eddleman,190,85
Gene Englund,196,92
Bob Evans,188,79
Johnny Ezersky,190,79
Bob Feerick,190,86
George Feigenbaum,185,83
Arnie Ferrin,188,81
Jerry Fleishman,188,86
Joe Fulks*,196,86
Bill Gabor,180,77
Elmer Gainer,198,88
Harry Gallatin*,198,95
Vern Gardner,196,90
Frank Gates,183,72
Dee Gibson,180,79
Hoot Gibson,196,89
Chuck Gilmur,193,102
Normie Glick,201,86
Paul Gordon,190,83
Joe Graboski,201,88
Bud Grant,190,88
Don Grate,188,83
Alex Groza,201,98
Al Guokas,196,90
Robert Hahn,208,108
Chick Halbert,206,102
Bruce Hale,185,77
Dale Hamilton,183,81
Alex Hannum*,201,95
John Hargis,188,81
Bob Harris,201,88
Bob Harrison,201,88
Billy Hassett,180,81
Marshall Hawkins,190,92
Bill Henry,206,97
Bill Herman,190,77
Kleggie Hermsen,206,102
Sonny Hertzberg,178,79
Paul Hoffman,188,88
Joe Holland,193,83
Red Holzman*,178,79
Gene James,193,81
Howie Janotta,190,83
Tony Jaros,190,83
Buddy Jeannette*,180,79
Arnie Johnson,196,107
Ralph Johnson,180,77
Wah Wah,180,77
Noble Jorgensen,206,103
George Kaftan,190,86
Leo Katkaveck,183,83
Jack Kerris,198,97
Bob Kinney,198,97
Walt Kirk,190,78
Leo Klier,188,77
Duane Klueh,190,79
Lee Knorek,201,97
Milo Komenich,201,96
Leo Kubiak,180,72
Frank Kudelka,188,87
Walt Lautenbach,188,83
Tony Lavelli,190,83
Ed Leede,190,83
Andrew Levane,188,86
Freddie Lewis,188,88
Ron Livingstone,208,99
John Logan,188,79
Ray Lumpp,185,80
Ed Macauley*,203,83
Johnny Macknowski,183,81
John Mahnken,203,99
John Mandic,193,92
Slater Martin*,178,77
Ariel Maughan,193,86
Matt Mazza,190,95
Mike McCarron,180,81
Dick McGuire*,183,81
Bones McKinney,198,83
Mal McMullen,196,95
Dick Mehen,196,88
Ken Menke,183,76
Stan Miasek,196,95
Ed Mikan,203,104
George Mikan*,208,111
Vern Mikkelsen*,201,104
Al Miksis,201,95
Murray Mitchell,201,95
Leo Mogus,193,86
Max Morris,188,88
Joe Mullaney,183,74
Jerry Nagel,183,86
Jack Nichols,201,100
Richie Niemiera,185,74
Paul Noel,193,83
Jim Nolan,203,95
Johnny Norlander,190,81
George Nostrand,203,88
Mike Novak,206,99
Dermie O'Connell,183,78
Andy O'Donnell,185,81
Dick O'Keefe,188,83
John Oldham,190,79
Gene Ollrich,180,72
Johnny Orr,190,88
Don Otten,208,108
Mac Otten,201,99
Red Owens,190,83
Easy Parham,190,90
Jack Parkinson,183,78
Charlie Parsley,188,79
Stan Patrick,188,83
Johnny Payak,193,78
Warren Perkins,190,86
Ed Peterson,206,99
Jack Phelan,196,88
Andy Phillip*,188,88
Jim Pollard*,193,83
John Pritchard,206,99
Les Pugh,201,86
Don Putman,201,86
George Ratkovicz,198,99
Don Ray,196,86
Chick Reiser,180,74
Arnie Risen*,206,90
Tex Ritter,188,83
Bill Roberts,206,95
Red Rocha,206,83
Kenny Rollins,183,76
Bob Royer,178,70
Jerry Rullo,178,74
Ed Sadowski,196,108
Kenny Sailors,178,79
Pep Saul,188,83
Herm Schaefer,183,79
Marv Schatzman,196,90
Fred Schaus,196,92
Dolph Schayes*,203,99
Milt Schoon,201,104
Howie Schultz,198,90
Dick Schulz,188,87
Fred Scolari,178,81
Wayne See,190,86
Glen Selbo,190,88
Rollie Seltz,178,74
Jim Seminoff,188,86
George Senesky,188,81
Paul Seymour,185,81
Carl Shaeffer,190,83
Howie Shannon,188,79
Charley Shipp,185,90
Connie Simmons,203,100
Belus Smawley,185,88
Jack Smiley,190,86
Chips Sobek,183,81
Odie Spears,196,92
Art Spector,193,90
Ed Stanczak,185,83
Gene Stump,188,83
Mike Todorovich,196,99
Jack Toomay,198,97
Bob Tough,183,83
Blackie Towery,193,95
Dick Triptow,183,77
Butch Van,183,77
Gene Vance,190,88
Ernie Vandeweghe,190,88
Floyd Volker,193,92
Whitey Von,193,92
Clint Wager,198,95
Danny Wagner,183,77
Brady Walker,198,92
Paul Walther,188,72
Bobby Wanzer*,183,77
Murray Wier,175,70
D.C. Wilcutt,175,70
Bob Wood,175,70
Max Zaslofsky,188,77
nan,,
Paul Arizin*,193,86
Ed Beach,190,90
Leon Blevins,188,72
Ike Borsavage,203,99
Art Burris,196,99
Gerry Calabrese,185,79
Cal Christensen,196,95
Nat Clifton*,198,99
Chuck Cooper,196,95
Bob Cousy*,185,79
Hank DeZonie,198,97
Bob Donham,188,86
Ray Ellefson,203,104
Larry Foust,206,97
Ed Gayda,193,95
Joe Hutton,185,77
Bob Lavoy,201,83
Earl Lloyd*,196,90
Don Lofgran,196,90
Norm Mager,196,83
Joe McNamee,198,95
Chuck Mrazovich,196,83
Ken Murray,188,86
Tommy O'Keefe,188,83
Kevin O'Shea,188,79
Don Rehfeldt,201,95
Jim Riffey,193,90
Alan Sawyer,196,88
Herb Scherer,206,96
Dick Schnittker,196,90
Bill Sharman*,185,79
Don Barksdale*,198,90
Elmer Behnke,201,95
Stan Brown,190,90
Ed Dahler,196,86
Nate DeLong,198,99
Dick Dickey,185,79
Jake Fendley,183,81
Jerry Fowler,203,104
Lew Hitch,203,90
Mel Hutchins,198,90
Neil Johnston*,203,95
Jack Kiley,185,77
George King,183,79
John McConathy,196,88
Alfred McGuire*,188,81
Dave Minor,188,83
Ralph O'Brien,175,72
Wally Osterkorn,196,97
Mel Payton,193,83
John Pilch,190,83
Ray Ragelis,193,92
Sam Ranzino,185,83
John Rennicke,188,83
Don Savage,190,92
Chuck Share,211,106
Zeke Sinicola,178,74
Whitey Skoog,180,81
Jim Slaughter,211,95
Bill Tosheff,185,79
Bob Wilson,193,83
Jim Baechtold,193,92
Jim Brasco,185,77
Dick Bunt,183,77
Gene Conley,203,102
Pete Darcey,201,98
Blaine Denning,188,79
Danny Finn,185,83
Dick Groat,180,81
Don Hanrahan,201,90
Don Henriksen,201,102
Jim Holstein,190,81
Bob Lochmueller,196,83
Mo Mahoney,188,92
Al Masino,178,78
Jack McCloskey,188,86
Bucky McConnell,178,77
George McLeod,196,90
Jack McMahon,185,83
Monk Meineke,201,94
Eddie Miller,203,102
Bill Mlkvy,193,86
Jim Mooney,196,97
Bob Naber,190,83
John O'Boyle,188,83
Mike O'Neill,190,95
Claude Overton,188,88
Ralph Polson,201,90
Bob Priddy,190,86
Moe Radovich,183,72
Sherwin Raiken,188,83
Gene Rhodes,185,77
Dick Surhoff,193,95
Mark Workman,206,97
Zeke Zawoluk,201,97
Don Ackerman,183,83
Don Asmonga,188,83
Ernie Barrett,190,81
Ernie Beck,193,86
Irv Bemoras,190,83
Bill Bolger,196,92
Walt Davis,203,92
Gene Dyker,198,102
Ed Earle,190,86
Ray Felix,211,99
Jim Fritsche,203,95
Jack George,188,86
Bato Govedarica,180,83
Norm Grekin,196,81
Rollen Hans,188,95
Bob Houbregs*,201,95
Billy Kenville,188,84
Dick Knostman,198,97
Clyde Lovellette*,206,106
Jim Luisi,188,81
Jack Molinas,198,90
Jim Neal,211,106
Paul Nolen,211,106
Bob Peterson,196,95
James Phelan,196,88
Connie Rea,190,79
Frank Reddout,196,88
Al Roges,193,88
Ed Smith,198,81
Joe Smyth,190,97
Don Sunderlage,185,81
Norm Swanson,198,95
Hal Uplinger,193,83
Isaac Walthour,180,73
George Yardley*,196,86
Don Anielak,201,86
Tom Brennan,190,88
Bob Carney,190,77
Fred Christ,193,95
Bert Cook,190,83
Larry Costello,185,84
George Dempsey,188,86
Fred Diute,190,95
Dick Farley,193,86
Chuck Grigsby,196,86
Herm Hedderick,196,77
Ed Kalafat,198,111
Mike Kearns,188,80
Red Kerr,206,104
Dan King,198,99
Bob Knight,188,83
Ronnie MacGilvray,188,83
Tom Marshall,193,97
Phil Martin,190,86
Ken McBride,190,86
Carl McNulty,190,83
Jackie Moore,196,81
Red Morrison,203,99
Boris Nachamkin,198,95
Togo Palazzi,193,92
Bob Pettit*,206,92
Frank Ramsey*,190,86
Dick Rosenthal,196,92
Frank Selvy,190,81
Gene Shue,188,77
Art Spoelstra,206,99
Jim Tucker,201,83
Jack Turner,193,77
Bobby Watson,183,72
Skippy Whitaker,185,81
Jesse Arnelle,196,99
Dick Atha,188,86
Don Bielke,201,108
Ed Conlin,196,90
Red Davis,201,99
Corky Devlin,196,88
Walter Dukes,213,99
Ron Feiereisel,190,83
Al Ferrari,193,86
Ed Fleming,190,85
Dick Garmaker,190,90
Tom Gola*,198,92
Chris Harris,190,86
Dick Hemric,198,99
Larry Hennessy,190,83
Johnny Horan,203,86
Jim Loscutoff,196,99
Chuck Mencel,183,76
Chuck Noble,193,86
Med Park,188,92
Richie Regan,188,81
Dick Ricketts,201,97
Bob Santini,196,86
Bob Schafer,190,88
Kenny Sears,206,89
Jack Stephens,190,83
Maurice Stokes*,201,105
Jack Twyman*,198,95
Bob Williams,198,104
Forest Able,190,81
Bob Armstrong,203,99
John Barber,198,95
Gary Bergen,203,95
Al Bianchi,190,83
Bob Burrow,201,103
Si Green,188,83
Richie Guerin*,193,88
Cliff Hagan*,193,95
Tom Heinsohn*,201,98
Joe Holup,198,97
Bob Hopkins,203,92
Phil Jordon,208,92
Hal Lear,183,73
Slick Leonard*,190,83
Johnny McCarthy,185,83
Willie Naulls,198,102
Jim Paxson,198,90
Dave Piontek,198,104
Jim Ray,185,81
Bill Russell*,208,97
Ron Shavlik,203,90
Ron Sobie,190,83
Norm Stewart,196,92
Bill Thieben,201,97
Lou Tsioropoulos,196,86
Doug Bolstorff,193,88
George Brown,198,86
Dick Duckett,185,83
Pat Dunn,188,77
Bill Ebben,193,86
Bo Erias,190,99
Larry Friend,193,83
Hot Rod,193,83
McCoy Ingram,203,95
Sam Jones*,193,89
Jim Krebs,203,104
Brendan McCann,188,80
Worthy Patterson,188,79
Jerry Paulson,188,83
Ray Radziszewski,196,95
Lennie Rosenbluth,193,86
Woody Sauldsberry,201,99
Guy Sparrow,198,98
Charlie Tyra,203,104
Jim Walsh,193,88
Win Wilfong,188,83
Elgin Baylor*,196,102
Jerry Bird,198,95
Bucky Bockhorn,193,90
Pete Brennan,198,92
Barney Cable,201,79
Archie Dees,203,92
Connie Dierking,206,100
Boo Ellis,196,83
Wayne Embry*,203,108
Mike Farmer,201,95
Dave Gambee,198,97
Hal Greer*,188,79
Steve Hamilton,198,86
Vern Hatton,190,88
Andy Johnson,196,97
K.C. Jones*,196,97
Tommy Kearns,180,83
Shellie McMillon,196,92
Jim Palmer,203,101
Jack Parr,206,99
Hub Reed,206,97
Guy Rodgers*,183,83
Phil Rollins,188,83
Larry Staverman,201,92
Bennie Swain,203,99
Gary Alcorn,206,102
Bob Anderegg,190,90
Dick Barnett,193,86
Whitey Bell,183,81
Wilt Chamberlain*,216,124
Bob Ferry,203,104
Johnny Green,196,90
Gene Guarilia,196,99
Tom Hawkins,196,95
Bailey Howell*,201,95
Maury King,188,88
Rudy LaRusso,201,99
Nick Mantis,190,86
Cal Ramsey,193,90
John Richter,206,102
Joe Ruklick,206,99
Bobby Smith,193,86
Wayne Stevens,190,83
Tony Windis,185,72
Al Attles,183,79
Bob Boozer,203,97
Dave Budd,198,92
Ralph Davis,193,81
Swede Halbrook,221,106
Darrall Imhoff,208,99
Ron Johnson,203,97
Howie Jolliff,203,97
Willie Jones,190,83
Pickles Kennedy,180,81
Fred LaCour,196,95
George Lee,193,90
Bob McNeill,185,77
Jackie Moreland,201,97
Don Ohl,190,86
Joe Roberts,198,97
Oscar Robertson*,196,92
Tom Sanders*,198,95
Jerry West*,188,79
Lenny Wilkens*,185,81
Stacey Arceneaux,193,95
Walt Bellamy*,211,102
George Blaney,185,79
George Bon,185,79
Joe Buckhalter,201,95
Cleveland Buckner,206,95
Ed Burton,198,102
Donnie Butcher,188,90
Al Butler,188,79
Howie Carl,175,72
Jimmy Darrow,178,77
Johnny Egan,180,81
Rich Eichhorst,180,81
Cleo Hill,185,83
Ron Horn,201,99
Doug Kistler,206,95
York Larese,193,83
Ted Luckenbill,198,92
Whitey Martin,188,83
Tom Meschery,198,97
Paul Neumann,185,79
Bevo Nordmann,208,102
Chuck Osborne,198,95
Gary Phillips,190,85
Frank Radovich,203,106
Ray Scott,206,97
Lee Shaffer,201,99
Bob Sims,196,99
Adrian Smith,185,81
Bill Smith,196,86
Sam Stith,188,83
Horace Walker,190,95
Bob Wiesenhahn,193,97
Wayne Yates,203,106
Dave Zeller,185,79
John Barnhill,185,81
Zelmo Beaty*,206,102
Bill Bridges,198,103
Len Chappell,203,108
Johnny Cox,193,81
Dave DeBusschere*,198,99
Terry Dischinger,201,85
Danny Doyle,203,90
Bob Duffy,193,79
Leroy Ellis,208,95
Dave Fedor,198,86
Jack Foley,190,77
Dave Gunther,201,86
Charlie Hardnett,203,102
John Havlicek*,196,92
Wayne Hightower,203,87
Paul Hogue,203,87
Kevin Loughery,190,86
Bill McGill,206,102
Porter Meriwether,188,81
Howie Montgomery,196,99
Don Nelson*,198,95
Mel Nowell,188,77
Bud Olsen,203,99
John Rudometkin,198,92
Jeff Slade,198,99
Tom Stith,196,95
Dan Swartz,193,97
Dan Tieman,183,83
Gene Tormohlen,183,83
Chico Vaughn,188,86
Chet Walker*,198,96
Ben Warley,196,90
Ralph Wells,185,81
Hubie White,193,92
Gene Wiley,208,95
Jay Arnette,188,79
Larry Comley,196,95
Mel Gibson,190,81
Jerry Greenspan,196,88
Reggie Harding,213,112
Jerry Harkness,188,79
Art Heyman,196,92
Gary Hill,193,83
Tom Hoover,206,104
Gus Johnson*,198,104
Jim King,188,79
Don Kojis,196,97
Jerry Lucas*,203,104
Eddie Miles,193,88
Mel Peterson,193,83
Ken Rohloff,183,88
Larry Siegfried,190,86
Roger Strickland,196,90
Tom Thacker,188,77
Rod Thorn,193,88
Nate Thurmond*,211,102
Gerry Ward,193,88
John Windsor,203,97
Jim Barnes,203,95
Ron Bonham,196,87
Gary Bradds,203,95
Em Bryant,185,79
Joe Caldwell,196,88
Mel Counts,213,104
Steve Courtin,185,85
Jerry Grote,193,97
Happy Hairston,201,102
Walt Hazzard,201,102
Les Hunter,201,95
Luke Jackson,206,108
Larry Jones,188,81
Wali Jones,193,102
Howard Komives,185,83
Bud Koper,198,95
Barry Kramer,193,90
McCoy McLemore,201,104
Jeff Mullins,193,86
Cotton Nash,196,97
Willis Reed*,206,106
Paul Silas,201,99
John Thompson*,208,102
John Tresvant,201,97
George Wilson,203,102
Rick Barry*,201,92
Jesse Branson,201,88
Bill Buntin,201,113
Barry Clemens,198,95
Billy Cunningham*,198,95
Keith Erickson,196,88
John Fairchild,203,92
Will Frazier,201,95
Gail Goodrich*,185,77
Fred Hetzel,203,99
Jon McGlocklin,196,92
Thales McReynolds,190,83
Ron Reed,196,92
Jerry Sloan*,196,88
Willie Somerset,173,77
Dave Stallworth,201,90
Joe Strawder,208,106
Dick Van,208,106
Tom Van,208,106
Bob Warlick,196,90
Jim Washington,198,95
Ron Watts,198,95
Bob Weiss,188,81
Henry Akin,208,102
Johnny Austin,183,77
Jim Barnett,203,95
Dave Bing*,190,81
John Block,206,93
Nate Bowman,208,104
Jerry Chambers,196,83
Archie Clark,188,79
Freddie Crawford,193,85
Dave Deutsch,185,77
Joe Ellis,198,79
Hank Finkel,213,108
Matt Guokas,190,88
Bob Hogsett,201,104
Lou Hudson,196,95
Neil Johnson,203,95
Toby Kimball,198,99
Tommy Kron,196,90
Clyde Lee,208,92
Bob Love,203,97
Jack Marin,201,90
Bill Melchionni,185,74
Wayne Molis,203,104
Erwin Mueller,203,104
Dorie Murrey,203,97
Flynn Robinson,185,83
Cazzie Russell,196,98
Dave Schellhase,190,92
Dick Snyder,196,93
Jim Ware,201,95
Walt Wesley,211,99
Bud Acton,198,95
Cliff Anderson,188,90
Bill Bradley*,196,92
Tyrone Britt,193,86
Jim Burns,190,88
Jim Caldwell,208,108
George Carter,193,95
Jim Davis,206,102
Bill Dinwiddie,201,99
Sonny Dove,201,89
Ron Filipek,196,92
Jim Fox,208,104
Walt Frazier*,193,90
Mal Graham,185,83
Gary Gray,185,83
Dennis Hamilton,203,95
Clem Haskins,190,88
Al Jackson,185,83
Phil Jackson*,203,99
Johnny Jones,201,92
Nick Jones,188,86
Dave Lattin,198,102
George Lehmann,183,81
Bobby Lewis,190,79
Paul Long,188,81
Plummer Lott,196,95
Ed Manning,201,95
Stan McKenzie,196,88
Jay Miller,196,92
Earl Monroe*,190,83
George Patterson,203,104
Jim Reid,198,95
Pat Riley*,193,92
Bob Rule,206,99
Craig Spitzer,213,102
Al Tucker,203,86
Bill Turner,201,99
Jimmy Walker,190,88
Rick Weitzman,188,79
Roland West,193,80
John Wetzel,196,86
Ken Wilburn,198,88
Art Williams,185,81
Tom Workman,201,98
Zaid Abdul-Aziz,206,106
Rick Adelman,185,79
Bob Allen,206,92
Harry Barnes,190,92
Ed Biedenbach,185,79
Tom Boerwinkle,213,120
Jay Carty,203,99
Don Chaney,196,95
Dick Cunningham,208,111
Fred Foster,196,95
Pat Frink,193,88
Gary Gregor,201,102
Al Hairston,185,77
Shaler Halimon,196,90
Skip Harlicka,185,83
Art Harris,193,83
Elvin Hayes*,206,106
Bill Hewitt,201,95
Bill Hosket,203,102
Rich Johnson,201,95
Bob Kauffman,203,108
Joe Kennedy,198,95
Rod Knowles,206,97
Stu Lantz,190,79
Don May,193,90
Otto Moore,211,92
Dave Newmark,213,108
Rich Niemann,213,111
Barry Orms,190,86
Charlie Paulk,203,99
Loy Petersen,196,92
Bob Quick,196,97
Craig Raymond,211,106
Mike Riordan,193,90
Dale Schlueter,208,102
Doug Sims,201,88
Greg Smith,196,88
John Trapp,201,95
Wes Unseld*,201,111
Dwight Waller,198,99
Cliff Williams,190,81
Ron Williams,190,85
Sam Williams,190,81
Kareem Abdul-Jabbar*,218,102
Lucius Allen,188,79
Wally Anderzunas,201,99
John Arthurs,193,83
Johnny Baum,196,90
Butch Beard,190,83
Fred Carter,190,83
Bob Dandridge,198,88
Mike Davis,190,83
Dick Garrett,190,83
Herm Gilliam,190,86
Bob Greacen,201,93
Lamar Green,201,95
Connie Hawkins*,203,95
Brian Heaney,188,81
Steve Kuberski,203,97
Mike Lynn,201,97
Willie McCarter,190,79
Steve Mix,201,97
Grady O'Malley,196,92
Bud Ogden,198,97
Bob Portman,196,90
Luther Rackley,208,99
George Reynolds,193,88
Rick Roberson,206,104
Dave Scholz,203,99
Bingo Smith,196,86
Norm Van,196,86
Neal Walk,208,99
John Warren,190,81
Jo Jo,190,81
Bernie Williams,190,79
Lee Winfield,188,78
Don Adams,198,95
Tiny Archibald*,185,68
Bob Arnzen,196,92
Dennis Awtrey,208,106
Moe Barr,193,88
Tom Black,208,99
Bob Christian,208,115
Jimmy Collins,188,79
Joe Cooke,190,79
Dave Cowens*,206,104
Pete Cross,206,104
Terry Driscoll,201,97
Claude English,193,83
Greg Fillmore,216,108
Levi Fontaine,193,86
Jake Ford,190,81
Gary Freeman,206,95
Walt Gilmore,198,102
Spencer Haywood*,203,102
Gar Heard,198,99
Al Henry,206,86
A.W. Holt,206,86
Greg Howard,206,97
John Hummer,206,104
Greg Hyder,198,97
George Johnson,211,111
John Johnson,201,90
Earnie Killum,190,81
Ron Knight,201,97
Sam Lacey,208,106
Bob Lanier*,211,113
Pete Maravich*,196,89
Harvey Marlatt,190,83
Eddie Mast,206,99
Jim McMillian,196,97
Larry Mikan,201,95
Rex Morgan,196,86
Calvin Murphy*,175,74
Ralph Ogden,196,92
Curtis Perry,201,99
Geoff Petrie,193,86
Mike Price,190,90
Bob Riley,206,106
Paul Ruffner,208,102
Mike Silliman,198,102
Garfield Smith,206,106
Dave Sorenson,203,102
Dennis Stewart,198,99
Bill Stricker,206,95
Gary Suiter,206,102
Fred Taylor,196,81
Joe Thomas,198,92
Rudy Tomjanovich,203,98
John Vallely,190,83
Cornell Warner,206,99
Bobby Washington,180,79
Jeff Webb,193,77
Herb White,188,88
Milt Williams,188,82
Willie Williams,201,90
Marv Winkler,185,74
Gary Zeller,190,92
Bill Zopf,185,77
Odis Allison,198,88
Vic Bartolome,213,104
Fred Brown,190,82
Austin Carr,193,90
Sid Catlett,198,104
Phil Chenier,190,81
Jim Cleamons,190,83
Charlie Davis,188,72
Jackie Dinkins,196,95
Ken Durrett,201,86
Dick Gibbs,196,95
Clarence Glover,203,95
Jeff Halliburton,196,87
Fred Hilton,190,83
Jake Jones,190,81
Mo Layton,185,81
Stan Love,206,97
Charlie Lowery,190,83
Jim Marsh,201,97
Jim McDaniels,211,103
Gil McGregor,203,108
Kenny McIntosh,201,102
Cliff Meely,203,97
Dean Meminger,183,79
John Mengelt,188,88
Barry Nelson,208,104
Mike Newlin,193,90
Willie Norwood,201,99
Steve Patterson,206,102
Tom Payne,218,108
Howard Porter,203,99
Clifford Ray,206,104
Jackie Ridgle,193,88
Rich Rinaldi,190,88
Curtis Rowe,201,102
Charlie Scott,196,79
Elmore Smith,213,113
Randy Smith,190,81
William Smith,213,99
Larry Steele,196,81
George Trapp,203,92
Sidney Wicks,203,102
Nate Williams,196,97
Isaiah Wilson,188,79
Dave Wohl,188,83
Barry Yates,201,97
Charlie Yelverton,188,86
Henry Bibby,185,83
Freddie Boyd,188,81
Steve Bracey,185,79
John Brisker,196,95
Roger Brown,196,92
Corky Calhoun,201,95
Bob Davis,201,97
Dwight Davis,203,99
Mickey Davis,190,83
Charles Dudley,188,81
Scott English,198,92
Chris Ford,196,86
Harold Fox,188,79
Rowland Garrett,198,95
John Gianelli,208,99
Travis Grant,201,97
Luther Green,201,86
Charles Johnson,183,77
Ollie Johnson,198,90
Manny Leaks,203,102
Russ Lee,196,83
LaRue Martin,211,94
Bob McAdoo*,206,95
Paul McCracken,193,81
Eric McWilliams,203,90
Mark Minor,198,97
Bob Nash,203,88
Lloyd Neal,201,102
Tom Patterson,198,99
Kevin Porter,183,77
Jim Price,190,88
Mike Ratliff,208,104
Tom Riker,208,102
Ron Riley,203,88
Frank Russell,190,81
Frank Schade,185,77
Sam Sibert,201,97
Bud Stallworth,196,86
Paul Stovall,193,97
Chuck Terry,198,97
Justus Thigpen,185,72
John Tschogl,198,93
Paul Westphal,193,88
Harthorne Wingo,198,95
Joby Wright,203,99
Mike Bantom,206,90
Ron Behagen,206,83
Dennis Bell,196,83
Jim Brewer,206,95
Allan Bristow,201,95
John Brown,201,99
Larry Cannon,193,88
Bill Chamberlain,198,85
Ken Charles,190,81
E.C. Coleman,190,81
Doug Collins,198,81
Mike D'Antoni,190,83
Mel Davis,198,99
Derrek Dickey,201,98
Ernie DiGregorio,183,81
Steve Downing,203,102
Rod Freeman,201,102
Bernie Fryer,190,83
Jim Garvin,201,90
Phil Hankinson,203,88
Nate Hawthorne,193,86
Tom Ingelsby,190,81
Dwight Jones,208,95
Ben Kelso,190,88
Tom Kozelko,203,99
Kevin Kunnert,213,104
Mike Macaluso,196,95
Ted Manakas,188,81
Vester Marshall,201,90
Allie McGuire,188,81
Larry McNeill,206,88
Gary Melchionni,188,83
Louie Nelson,190,86
Jim Owens,196,90
Ed Ratleff,198,88
Joe Reaves,196,95
Mark Sibley,188,79
Bob Verga,185,86
Kermit Washington,203,104
Slick Watts,185,79
Nick Weatherspoon,201,88
Luke Witte,213,106
Dan Anderson,208,104
Jim Ard,203,97
Gus Bailey,196,83
Leon Benbow,193,83
Ken Boyd,196,88
Gary Brokaw,193,80
Tom Burleson,218,102
Harvey Catchings,206,98
Jim Chones,211,99
Ben Clyde,201,89
Jesse Dark,196,95
Rod Derline,183,79
John Drew,198,92
Dennis DuVal,190,79
Al Eberhard,198,102
Leonard Gray,203,108
Bernie Harris,208,90
Steve Hawes,206,99
Tom Henderson,190,86
Greg Jackson,183,81
Wardell Jackson,201,90
Aaron James,203,95
Mickey Johnson,208,86
Jimmy Jones,193,85
Frank Kendrick,198,89
Len Kosmalski,213,111
Bill Ligon,193,81
Phil Lumpkin,183,74
Glenn McDonald,198,86
Eric Money,183,77
Connie Norman,190,79
Kevin Restani,206,102
Truck Robinson,201,102
Campy Russell,196,98
Fred Saunders,201,95
Tal Skinner,196,88
Don Smith,188,86
Phil Smith,193,83
Mike Sojourner,206,102
Kevin Stacom,190,83
George Thompson,188,90
Dean Tolson,203,86
Foots Walker,183,83
Bill Walton*,211,95
Perry Warbington,188,74
Stan Washington,193,86
Scott Wedman,201,97
Owen Wells,201,90
Jamaal Wilkes*,198,86
Earl Williams,201,104
Bobby Wilson,193,83
Brian Winters,193,83
Alvan Adams,206,95
Jerome Anderson,196,88
Jerry Baskerville,201,86
Bob Bigelow,201,97
Tom Boswell,206,99
Junior Bridgeman,196,95
Joe Bryant,206,83
Al Carlson,211,106
Jim Creighton,203,90
Darryl Dawkins,211,113
Henry Dickerson,193,86
Eric Fernsten,208,92
Larry Fogle,196,92
Don Ford,206,97
World B.,206,97
Donnie Freeman,190,83
Kevin Grevey,196,95
Bob Gross,198,90
Lindsay Hairston,201,81
Glenn Hansen,193,92
Robert Hawkins,193,86
Wilbur Holland,183,79
Lionel Hollins,190,83
Steve Jones,196,92
Rich Kelley,213,106
Tom Kropp,190,92
C.J. Kupec,190,92
John Lambert,208,102
John Laskowski,198,83
Greg Lee,190,86
Clyde Mayes,203,102
Ken Mayfield,188,83
Jim McElroy,190,86
George McGinnis,203,106
Tom McMillen,211,97
Joe Meriweather,208,97
Dave Meyers,203,97
Frank Oleynick,188,83
Cliff Pondexter,206,105
Bill Robinzine,201,104
John Roche,190,77
Bruce Seals,203,95
Ed Searcy,198,95
Gene Short,198,90
John Shumate,206,106
Ricky Sobers,190,89
Terry Thomas,203,99
Rudy White,188,88
Gus Williams,188,79
Bill Willoughby,203,92
Tom Abernethy,201,99
Bird Averitt,185,77
Tom Barker,211,102
Marvin Barnes,203,95
Norton Barnhill,193,92
Mike Barr,190,81
Tim Bassett,203,102
Byron Beck,206,102
Mel Bennett,201,90
Ron Boone,188,90
Quinn Buckner,190,86
Ticky Burden,188,83
Don Buse,193,86
Mack Calvin,183,74
M.L. Carr,183,74
Cornelius Cash,203,97
Norm Cook,203,95
Louie Dampier*,183,77
Mel Daniels*,206,99
Adrian Dantley*,196,94
Johnny Davis,188,77
Ron Davis,198,89
Randy Denton,208,108
Coby Dietrick,208,99
Leon Douglas,208,104
Mike Dunleavy,190,81
Jim Eakins,211,97
Len Elmore,206,99
Darrell Elston,193,86
Alex English*,201,86
Julius Erving*,201,95
Butch Feher,193,83
Mike Flynn,188,81
Terry Furlow,193,86
Mike Gale,193,83
Gus Gerard,203,90
George Gervin*,201,81
Artis Gilmore*,218,108
Mike Green,208,90
Steve Green,201,99
Paul Griffin,206,92
Rudy Hackett,206,95
Phil Hicks,201,92
Armond Hill,193,86
Darnell Hillman,206,97
Mo Howard,188,77
Kim Hughes,211,99
Dan Issel*,206,106
Dennis Johnson*,193,83
Bobby Jones,206,95
Caldwell Jones,211,98
Rich Jones,198,99
Robin Jones,206,102
Wil Jones,190,83
George Karl,190,83
Goo Kennedy,196,92
Larry Kenon,206,92
Billy Knight,198,88
Mitch Kupchak,206,104
Bo Lamar,185,81
Ron Lee,193,87
Scott Lloyd,208,104
John Lucas,190,79
Maurice Lucas,206,97
Moses Malone*,208,97
Scott May,201,97
Andre McCarter,190,86
Ted McClain,185,81
Allen Murphy,196,86
Swen Nater,211,108
Johnny Neumann,198,90
Mark Olberding,203,102
Tom Owens,208,97
Joe Pace,208,99
Robert Parish*,213,104
Sonny Parker,198,90
Billy Paultz,211,106
Marv Roberts,203,90
Dave Robisch,208,106
Marshall Rogers,185,86
Dan Roundfield,203,92
Phil Sellers,193,88
Lonnie Shelton,203,108
James Silas,185,81
Ralph Simpson,196,90
Al Skinner,190,86
Willie Smith,213,99
Keith Starr,198,86
Earl Tatum,196,83
Brian Taylor,188,83
Fatty Taylor,183,79
Ira Terrell,203,90
Claude Terry,193,88
David Thompson*,193,88
Monte Towe,170,68
Dave Twardzik,185,79
Jan Van,185,79
Andy Walker,193,86
Wally Walker,201,86
Lloyd Walton,183,72
Henry Ward,193,88
Richard Washington,211,99
Marvin Webster,216,102
Bob Wilkerson,198,88
Chuck Williams,183,74
Chuckie Williams,183,74
John Williamson,188,83
Willie Wise,196,95
Larry Wright,185,72
Tate Armstrong,190,79
Greg Ballard,201,97
Kent Benson,208,106
Otis Birdsong,190,86
Phil Bond,188,79
Jim Bostic,201,102
Alonzo Bradley,198,86
Mike Bratz,188,83
Wayman Britt,188,83
Kenny Carr,201,99
Bob Carrington,198,88
Wesley Cox,198,97
Charlie Criss,173,74
Mark Crow,201,95
Brad Davis,190,81
Walter Davis,203,92
Jacky Dorsey,201,104
T.R. Dunn,201,104
James Edwards,213,102
Bo Ellis,196,83
Al Fleming,201,97
Bayard Forrest,208,106
Mike Glenn,188,79
Glen Gondrezick,198,98
Rickey Green,183,77
Greg Griffin,201,86
Ernie Grunfeld,198,95
Joe Hassett,196,81
Eddie Johnson,203,92
Larry Johnson,190,92
Marques Johnson,201,98
Eddie Jordan,185,77
Bernard King*,201,92
Toby Knight,206,95
John Kuester,188,81
Tom LaGarde,208,99
Mark Landsberger,203,97
Rich Laurel,198,86
Ricky Marsh,190,90
Cedric Maxwell,203,92
Larry Moffett,203,95
Glenn Mosley,203,88
Norm Nixon,188,77
Eddie Owens,201,95
Ben Poquette,206,106
Robert Reid,203,92
Anthony Roberts,196,83
Tony Robertson,193,88
Tree Rollins,216,106
Alvin Scott,201,83
Steve Sheppard,198,97
Jack Sikma,211,104
Scott Sims,185,77
Robert Smith,180,74
Phil Walker,190,81
Wilson Washington,206,102
Ray Williams,190,85
Kim Anderson,201,90
Del Beshore,180,74
Dennis Boyd,185,79
Winford Boynes,198,83
Ron Brewer,193,81
Greg Bunch,198,86
Marty Byrnes,201,97
Ron Carter,196,86
Maurice Cheeks,185,81
Michael Cooper,196,77
Wayne Cooper,208,99
Dave Corzine,211,113
Geoff Crompton,211,127
Harry Davis,201,99
Bob Elliott,206,102
Ray Epps,198,88
Phil Ford,188,79
Jack Givens,196,92
Tommie Green,188,83
Lars Hansen,208,102
James Hardy,203,99
Keith Herron,198,88
Kenny Higgs,183,81
Essie Hollis,198,88
Otis Howard,201,99
Clemon Johnson,208,108
Jeff Judkins,198,83
Joel Kramer,201,92
Butch Lee,183,83
John Long,196,88
Billy McKinney,183,72
Mike Mitchell,201,97
John Olive,201,95
Roger Phegley,198,92
Stan Pietkiewicz,196,90
Wayne Radford,190,92
Marlon Redmond,198,85
Micheal Ray,198,85
Rick Robey,211,104
Jackie Robinson,198,95
John Rudd,201,104
Frankie Sanders,198,90
Purvis Short,201,95
Sam Smith,201,104
Reggie Theus,201,86
Mychal Thompson,208,102
Raymond Townsend,190,79
Terry Tyler,201,97
Andre Wakefield,190,79
Jerome Whitehead,208,99
Freeman Williams,193,86
Rick Wilson,196,90
James Bailey,206,99
Billy Ray,206,99
Larry Bird*,206,99
Lawrence Boston,203,102
Dudley Bradley,198,88
Bill Cartwright,216,111
Jeff Cook,208,97
Hollis Copeland,198,81
John Coughran,201,102
Terry Crosby,193,88
Pat Cummings,206,104
Paul Dawkins,196,86
Greg Deane,193,86
Larry Demic,206,102
Terry Duerod,188,81
Earl Evans,203,91
Mike Evans,185,77
Gary Garland,193,81
Dave Greenwood,206,100
Roy Hamilton,188,81
Gerald Henderson,188,79
Johnny High,190,83
Brad Holland,190,81
Phil Hubbard,203,97
Geoff Huston,188,79
Abdul Jeelani,203,95
Cheese Johnson,183,77
Magic Johnson*,201,98
Vinnie Johnson,188,90
Major Jones,206,102
Greg Kelser,201,86
Irv Kiffin,206,102
Carl Kilpatrick,208,104
Reggie King,198,102
Arvid Kramer,206,99
Allen Leavell,185,77
Ollie Mack,190,83
Steve Malovic,208,104
Paul Mokeski,213,113
Sidney Moncrief,190,81
Calvin Natt,198,99
Sylvester Norris,211,99
Wiley Peck,201,99
Sam Pellom,206,102
Clint Richardson,190,88
Cliff Robinson,206,99
Jim Spanarkel,196,86
Bernard Toone,206,95
Duck Williams,188,81
Sly Williams,201,95
Bubba Wilson,190,79
Tony Zeno,203,95
Darrell Allums,206,99
Norman Black,196,83
Dave Britton,193,81
Michael Brooks,201,99
Lewis Brown,190,86
Rickey Brown,208,97
Joe Barry,193,88
Butch Carter,196,81
Reggie Carter,190,79
Art Collins,193,83
Don Collins,198,81
Darwin Cook,190,83
Earl Cureton,206,95
Monti Davis,201,92
James Donaldson,218,124
Larry Drew,185,77
Ralph Drollinger,218,113
John Duren,190,88
Tony Fuller,193,81
Calvin Garrett,201,86
Mike Gminski,211,113
Darrell Griffith,193,86
Bill Hanzlik,201,83
Alan Hardy,201,88
Mike Harper,208,88
Cedrick Hordges,203,99
Tony Jackson,193,90
Lee Johnson,211,92
Reggie Johnson,206,92
Edgar Jones,208,102
Walter Jordan,201,89
Clarence Kea,198,98
Chad Kinch,193,86
Wayne Kreklow,193,79
Bill Laimbeer,211,111
Edmund Lawrence,213,103
Ronnie Lester,188,79
Kyle Macy,190,79
Rick Mahorn,208,108
Wes Matthews,185,77
Bill Mayfield,201,92
Keith McCord,201,95
Kevin McHale*,208,95
Dick Miller,198,97
Johnny Moore,185,79
Lowes Moore,185,77
Kenny Natt,190,83
Carl Nicks,185,79
Mike Niles,198,102
Mike O'Koren,201,93
Jawann Oldham,213,97
Louis Orr,203,79
Myles Patrick,203,99
Tony Price,198,86
Wally Rank,198,99
Kelvin Ransey,185,77
James Ray,203,97
Billy Reid,196,86
Wayne Robinson,203,98
Lorenzo Romar,185,79
DeWayne Scales,203,94
Craig Shelton,201,95
Jerry Sichting,185,76
Larry Smith,203,97
Rory Sparrow,188,79
John Stroud,201,97
Carlos Terry,196,95
Andrew Toney,190,80
Ronnie Valentine,201,95
Kiki Vandeweghe,203,99
Brett Vroman,213,99
Hawkeye Whitney,201,104
Michael Wiley,206,90
James Wilkes,198,86
Jeff Wilkins,211,104
Mike Woodson,196,88
Sam Worthen,196,88
Mark Aguirre,198,105
Danny Ainge,193,79
Carl Bailey,213,95
Gene Banks,201,97
Rolando Blackman,198,86
Ray Blume,193,83
Alex Bradley,198,86
Charles Bradley,196,97
Brad Branson,208,99
Jim Brogan,193,83
Roger Burkman,196,79
David Burns,188,81
Bobby Cattage,206,113
Tom Chambers,208,99
Joe Cooper,208,104
Charles Davis,188,72
Kenny Dennard,203,99
Mickey Dillard,190,77
John Douglas,188,77
Craig Dykema,203,86
Franklin Edwards,185,77
Petur Gudmundsson,218,117
Glenn Hagan,183,77
Steve Hayes,213,92
Tracy Jackson,198,92
Clay Johnson,208,108
Frank Johnson,185,83
Steve Johnson,203,99
Albert King,198,86
Jeff Lamp,198,88
Rock Lee,193,87
Alton Lister,213,108
Lewis Lloyd,198,92
Kevin Loder,198,92
Rudy Macklin,201,92
John McCullough,193,86
Hank McDowell,206,97
Mike McGee,196,86
Kevin McKenna,196,88
Larry Nance,208,92
Kurt Nimphius,208,98
Mark Radford,193,86
Ed Rains,201,86
Kurt Rambis,203,96
Jeff Ruland,208,108
Danny Schayes,211,106
Jim Smith,206,102
Larry Spriggs,201,104
Isiah Thomas*,185,81
Ray Tolbert,206,102
Kelly Tripucka,198,99
Elston Turner,196,86
Darnell Valentine,185,83
Pete Verhoeven,206,97
Jay Vincent,201,99
Danny Vranes,201,95
Buck Williams,203,97
Herb Williams,208,109
Garry Witts,201,86
Al Wood,198,87
Howard Wood,201,106
Orlando Woolridge,206,97
Rich Yonakor,206,99
Dwight Anderson,190,83
J.J. Anderson,190,83
Richard Anderson,208,108
John Bagley,183,83
Dave Batton,208,108
Lester Conner,193,81
Chubby Cox,188,81
Terry Cummings,206,99
Quintin Dailey,190,81
Mark Eaton,224,124
Jerry Eaves,193,81
Keith Edmonson,196,88
Chris Engler,211,111
Bruce Flowers,203,102
Sleepy Floyd,190,77
Bill Garnett,208,99
John Greig,201,97
Scott Hastings,208,106
Rod Higgins,201,90
Craig Hodges,188,86
Marc Iavaroni,203,95
Jim Johnstone,211,111
Hutch Jones,203,86
Clark Kellogg,201,102
Joe Kopicki,206,108
Fat Lever,190,77
Cliff Levingston,203,95
Steve Lingenfelter,206,102
Dave Magley,203,91
Mark McNamara,211,106
Guy Morgan,203,92
Ed Nealy,201,107
Chuck Nevitt,226,98
Audie Norris,206,104
Eddie Phillips,201,102
Ricky Pierce,193,92
Charles Pittman,203,99
Paul Pressey,196,83
Oliver Robinson,193,81
Walker Russell,196,88
Mike Sanders,198,95
Russ Schoene,208,95
Ed Sherod,188,77
Jose Slaughter,196,92
Derek Smith,190,81
Brook Steppe,196,88
Jeff Taylor,193,79
Vince Taylor,196,81
Terry Teagle,196,88
David Thirdkill,201,88
Corny Thompson,203,102
LaSalle Thompson,208,111
Darren Tillis,211,97
Linton Townes,201,86
Trent Tucker,196,87
Bryan Warrick,196,88
Rory White,203,95
Dominique Wilkins*,201,90
Rickey Williams,185,79
Rob Williams,190,85
James Worthy*,206,102
Jim Zoet,216,108
Ken Austin,206,92
Thurl Bailey,211,97
Randy Breuer,221,104
Wallace Bryant,213,111
Howard Carter,196,97
Carlos Clark,193,95
Leroy Combs,203,95
Russell Cross,208,97
Darren Daye,203,99
Clyde Drexler*,201,95
Craig Ehlo,198,81
Dale Ellis,201,92
Rod Foster,185,72
John Garris,203,92
Mike Gibson,208,92
Stewart Granger,190,86
Sidney Green,188,83
Bob Hansen,198,86
Derek Harper,193,83
Roy Hinson,206,95
Charles Jones,206,97
Mark Jones,206,102
Greg Kite,211,113
Bruce Kuczenski,208,104
Darrell Lockhart,206,111
Sidney Lowe,183,88
Jeff Malone,193,92
Pace Mannion,201,86
Rodney McCray,201,99
Scooter McCray,206,97
Larry Micheaux,206,99
Bob Miller,208,104
John Paxson,188,83
John Pinone,203,104
Tom Piotrowski,216,108
Leo Rautins,203,97
Doc Rivers,193,83
Fred Roberts,208,98
Ralph Sampson*,224,103
Byron Scott,190,88
Steve Stipanovich,211,111
Jon Sundvold,188,77
Dane Suttle,190,86
Jim Thomas,190,86
Paul Thompson,198,95
Sedale Threatt,188,79
Granville Waiters,211,102
Darrell Walker,193,81
Brant Weidner,206,104
Mark West,208,104
Ennis Whatley,190,80
Mitchell Wiggins,193,83
Kevin Williams,188,79
Michael Wilson,193,79
Randy Wittman,198,95
Chuck Aleksinas,211,117
Ron Anderson,201,97
Ken Bannister,206,106
Charles Barkley*,198,114
Cory Blackwell,198,95
Sam Bowie,216,106
Frank Brickowski,206,108
Tony Brown,198,83
Steve Burtt,188,83
Michael Cage,206,101
Tony Campbell,201,97
Rick Carlisle,196,95
Antoine Carr,206,102
Ron Cavenall,216,104
Steve Colter,190,74
Devin Durrant,201,90
Kenton Edelin,203,92
Kenny Fields,196,99
Vern Fleming,196,83
Lancaster Gordon,190,83
Butch Graves,190,90
Stuart Gray,213,106
Mike Holton,193,83
Jay Humphries,190,83
Ralph Jackson,188,86
Earl Jones,213,95
Ozell Jones,211,106
Michael Jordan*,198,88
Jerome Kersey,201,97
Tim McCormick,211,108
Jay Murphy,206,99
Hakeem Olajuwon*,213,115
Sam Perkins,206,106
Jim Petersen,208,106
Gary Plummer,206,97
David Pope,201,99
Alvin Robertson,190,83
Wayne Sappleton,206,97
Tom Scheffler,211,108
John Schweitz,198,95
Tom Sewell,196,83
Charlie Sitton,203,95
Tom Sluby,193,90
Terence Stansbury,196,77
John Stockton*,185,77
Peter Thibeaux,201,95
Bernard Thompson,198,95
Otis Thorpe,206,102
Jeff Turner,206,104
Melvin Turpin,211,108
Willie White,190,88
Eddie Lee,190,88
Dale Wilkinson,208,99
Guy Williams,188,79
Kevin Willis,188,79
Othell Wilson,183,86
Leon Wood,190,83
Danny Young,190,79
Michael Young,201,99
Michael Adams,178,73
John Battle,188,79
Benoit Benjamin,213,113
Uwe Blab,216,114
Manute Bol,231,90
Mike Brittain,213,106
Terry Catledge,203,99
Lorenzo Charles,201,102
Fred Cofield,190,86
David Cooke,203,104
Tyrone Corbin,198,95
Ron Crevier,213,106
Jeff Cross,208,108
Joe Dumars*,190,86
Patrick Ewing*,213,108
Georgi Glouchkov,203,106
A.C. Green,203,106
Ken Green,203,97
Kenny Green,203,97
Claude Gregory,203,92
Steve Harris,196,88
Jerome Henderson,211,104
Carl Henry,198,92
Alfredrick Hughes,198,92
Ken Johnson,203,108
Yvon Joseph,211,111
Harold Keeling,193,83
Joe Kleine,211,115
Jon Koncak,213,113
Keith Lee,208,97
Karl Malone*,206,113
Bill Martin,201,92
Brian Martin,206,96
Dwayne McClain,198,83
Xavier McDaniel,201,92
Ben McDonald,203,95
Chris McNealy,201,95
Dirk Minniefield,190,81
Perry Moss,188,83
Chris Mullin*,198,90
Charles Oakley,203,102
Michael Phelps,193,81
Ed Pinckney,206,88
Terry Porter,190,88
Blair Rasmussen,213,113
Jerry Reynolds,203,90
Derrick Rowland,196,88
Detlef Schrempf,206,97
Carey Scurry,201,85
Mike Smrek,213,113
Alex Stivrins,203,99
Greg Stokes,208,99
Bob Thornton,208,102
Wayman Tisdale,206,108
Sedric Toney,188,80
Nick Vanos,216,115
Sam Vincent,188,83
Spud Webb,168,60
Bill Wennington,213,111
Gerald Wilkins,198,83
Pete Williams,201,86
Voise Winters,203,90
Rafael Addison,201,97
Mark Alarie,203,98
William Bedford,213,102
Walter Berry,203,97
Joe Binion,203,106
Adrian Branch,201,83
Mike Brown,206,116
Ben Coleman,206,106
Dell Curry,193,86
Brad Daugherty,213,111
Johnny Dawkins,188,74
Bruce Douglas,190,88
Greg Dreiling,216,113
Kevin Duckworth,213,124
Dave Feitl,211,106
Kenny Gattison,203,102
Grant Gondrezick,196,92
Ron Harper,198,83
Cedric Henderson,203,95
Kevin Henderson,193,88
Conner Henry,201,88
Jeff Hornacek,190,86
Myron Jackson,190,83
Buck Johnson,201,86
Steffond Johnson,203,99
Anthony Jones,198,88
Tim Kempton,208,111
Curtis Kitchen,206,106
Larry Krystkowiak,206,99
Jim Lampley,208,104
Fernando Martin,206,99
Maurice Martin,198,90
Forrest McKenzie,201,90
Nate McMillan,196,88
Cozell McQueen,211,106
Pete Myers,198,81
Johnny Newman,201,86
Dennis Nutt,188,77
Chuck Person,203,99
Dwayne Polee,196,81
Harold Pressley,201,95
Mark Price,183,77
Dennis Rodman*,201,95
Johnny Rogers,208,102
Ron Rowan,196,90
John Salley,211,104
Brad Sellers,213,95
McKinley Singleton,196,79
Scott Skiles,185,81
Clinton Smith,198,95
Keith Smith,190,77
Otis Smith,196,95
Roy Tarpley,211,104
Billy Thompson,201,88
Andre Turner,180,72
Kenny Walker,203,95
Chris Washburn,211,102
Pearl Washington,188,86
John Williams,188,83
David Wingate,196,83
Brad Wright,211,102
Perry Young,196,95
Mark Acres,211,99
Steve Alford,188,83
Greg Anderson,208,104
Joe Arlauckas,206,104
Vincent Askew,198,95
Nate Blackwell,193,77
Muggsy Bogues,160,61
Norris Coleman,203,95
Dallas Comegys,206,92
Winston Crite,201,105
Billy Donovan,180,77
Chris Dudley,188,81
Jim Farmer,193,86
Tellis Frank,208,102
Kevin Gamble,196,95
Winston Garland,188,77
Armen Gilliam,206,104
Horace Grant,208,97
Dave Henderson,196,88
Dave Hoppen,211,106
Dennis Hopson,196,90
Eddie Hughes,178,74
Mark Jackson,185,81
Michael Jackson,201,97
Kannard Johnson,206,99
Kevin Johnson,203,108
Bart Kofoed,193,95
Ralph Lewis,198,90
Reggie Lewis,201,88
Brad Lohaus,211,104
Derrick McKey,206,92
Reggie Miller*,201,83
Andre Moore,206,97
Ron Moore,213,117
Ronnie Murphy,196,102
Tod Murphy,206,99
Martin Nessley,218,117
Ken Norman,203,97
Scottie Pippen*,203,95
Olden Polynice,211,99
Richard Rellford,198,104
Scott Roth,203,96
Brian Rowsom,206,99
Kenny Smith,190,77
John Stroeder,208,117
Mark Wade,180,72
Milt Wagner,196,83
Jamie Waller,193,97
Duane Washington,193,88
Chris Welp,213,111
Clinton Wheeler,185,83
Eric White,203,90
Tony White,188,77
Reggie Williams,201,86
Nikita Wilson,203,90
Ricky Wilson,196,90
Rickie Winslow,203,102
Joe Wolf,211,104
Phil Zevenbergen,208,104
Randy Allen,203,99
Michael Anderson,180,83
Willie Anderson,201,86
Ricky Berry,203,92
Anthony Bowie,198,86
Scott Brooks,180,74
Mark Bryant,206,111
Greg Butler,211,108
Mike Champion,208,104
Rex Chapman,193,83
Derrick Chievous,201,88
Mark Davis,198,88
Vinny Del,198,88
Fennis Dembo,196,97
Ledell Eackles,196,99
Kevin Edwards,190,86
Wayne Englestad,203,111
Rolando Ferreira,216,108
Duane Ferrell,201,94
Anthony Frederick,201,92
Corey Gaines,190,88
Tom Garrick,188,83
Ben Gillery,213,106
Orlando Graham,203,99
Ron Grandison,198,97
Gary Grant,190,83
Harvey Grant,203,88
Sylvester Gray,198,104
Jeff Grayer,196,90
Jack Haley,208,108
Hersey Hawkins,190,86
Tito Horford,216,111
Avery Johnson,178,79
Bill Jones,201,79
Shelton Jones,206,95
Steve Kerr,190,79
Randolph Keys,201,88
Jerome Lane,198,104
Andrew Lang,211,111
Eric Leckner,211,120
Jim Les,180,74
Rob Lock,206,102
Grant Long,203,102
Dan Majerle,198,97
Danny Manning,208,104
Vernon Maxwell,193,81
Todd Mitchell,201,92
Chris Morris,203,95
Richard Morton,190,86
Craig Neal,196,74
Jose Ortiz,208,102
Will Perdue,213,108
Tim Perry,206,90
Dave Popson,208,99
Dominic Pressley,188,77
Mitch Richmond*,196,97
Ramon Rivas,208,117
David Rivers,183,77
Rob Rose,196,81
Jim Rowinski,203,113
Rony Seikaly,211,104
Charles Shackleford,208,102
John Shasky,211,106
Brian Shaw,198,86
Keith Smart,185,79
Charles Smith,208,104
Rik Smits,224,113
John Starks,190,81
Everette Stephens,188,79
Rod Strickland,196,90
Barry Sumpter,211,97
Anthony Taylor,193,79
Tom Tolbert,201,106
Kelvin Upshaw,188,81
Morlon Wiley,193,83
Micheal Williams,188,82
David Wood,206,102
Nick Anderson,198,92
Michael Ansley,201,102
B.J. Armstrong,201,102
Dana Barros,180,73
Kenny Battle,198,95
Winston Bennett,201,95
Mookie Blaylock,183,81
Chucky Brown,201,97
Raymond Brown,203,99
Stanley Brundy,198,95
Torgeir Bryn,206,113
Steve Bucknall,198,97
Adrian Caldwell,203,120
Lanard Copeland,198,86
Terry Davis,206,102
Byron Dinkins,185,77
Vlade Divac,216,110
Sherman Douglas,183,81
Terry Dozier,206,95
Blue Edwards,193,90
Jay Edwards,213,102
Sean Elliott,203,92
Pervis Ellison,206,95
Derrick Gervin,203,90
Greg Grant,170,63
Scott Haffner,190,81
Tom Hammonds,206,97
Tim Hardaway,183,79
Mike Higgins,206,99
Ed Horton,203,104
Byron Irvin,196,86
Jaren Jackson,193,86
Eric Johnson,188,92
Nate Johnston,203,95
Shawn Kemp,208,104
Stan Kimbrough,180,69
Stacey King,211,104
Frank Kornet,206,102
Jeff Lebo,188,81
Tim Legler,193,90
Gary Leonard,216,113
Clifford Lett,190,77
Todd Lichti,193,92
Roy Marble,198,86
Sarunas Marciulionis*,196,90
Jeff Martin,196,88
Anthony Mason,201,113
Bob McCann,198,110
Mel McCants,203,108
George McCloud,198,92
Carlton McKinney,193,86
Scott Meents,208,102
Sam Mitchell,198,95
Mike Morrison,193,88
John Morton,190,81
Dyron Nix,201,95
Zarko Paspalj,206,97
Kenny Payne,203,88
Drazen Petrovic*,196,88
Brian Quinnett,203,106
J.R. Reid,203,106
Glen Rice,201,97
Pooh Richardson,185,81
Clifford Robinson,206,99
David Robinson*,216,106
Doug Roth,211,115
Donald Royal,203,95
Delaney Rudd,188,81
Jeff Sanders,203,102
Dexter Shouse,188,90
Michael Smith,208,102
Jay Taylor,190,86
Leonard Taylor,203,99
Henry Turner,188,88
Gary Voce,206,108
Alexander Volkov,208,98
Doug West,198,90
Randy White,203,108
Mike Williams,188,82
Haywoode Workman,188,81
Alaa Abdelnaby,208,108
Mahmoud Abdul-Rauf,188,83
Keith Askins,201,89
Milos Babic,213,108
Cedric Ball,203,95
Lance Blanks,193,86
Anthony Bonner,203,97
Dee Brown,185,72
Jud Buechler,198,99
Matt Bullard,208,97
Willie Burton,203,95
Rick Calloway,198,81
Elden Campbell,211,97
Duane Causwell,213,108
Cedric Ceballos,198,86
Richard Coffey,198,96
Derrick Coleman,208,104
Bimbo Coles,185,81
Anthony Cook,206,92
Tony Dawson,201,97
Mario Elie,196,95
A.J. English,196,95
Danny Ferry,208,104
Greg Foster,211,108
Tate George,196,86
Kendall Gill,196,88
Gerald Glass,196,100
Dan Godfread,208,113
Jim Grandholm,213,106
Tony Harris,190,86
Steve Henson,180,80
Sean Higgins,206,92
Tyrone Hill,206,108
Dave Jamerson,196,86
Henry James,203,99
Les Jepsen,213,107
Alec Kessler,211,104
Bo Kimble,193,86
Negele Knight,185,79
Kurk Lee,190,86
Marcus Liberty,203,92
Ian Lockhart,203,108
Tony Massenburg,206,99
Travis Mays,188,86
Terry Mills,208,104
Chris Munk,206,102
Jerrod Mustaf,208,107
Dan O'Sullivan,208,113
Alan Ogg,218,108
Brian Oliver,193,95
Gerald Paddio,201,92
Walter Palmer,216,97
Gary Payton*,193,81
Kevin Pritchard,190,81
Larry Robinson,190,81
Rumeal Robinson,188,88
Steve Scheffler,206,113
Dwayne Schintzius,216,117
Dennis Scott,203,103
Lionel Simmons,201,95
Tony Smith,201,95
Felton Spencer,213,120
Irving Thomas,203,102
Andy Toolson,198,95
Loy Vaught,206,104
Stojko Vrankovic,218,117
Jayson Williams,206,108
Kenny Williams,188,79
Scott Williams,208,104
Trevor Wilson,201,95
Kennard Winchester,196,95
Howard Wright,190,83
A.J. Wynder,190,83
Victor Alexander,206,120
Kenny Anderson,183,76
Greg Anthony,183,79
Stacey Augmon,203,92
Isaac Austin,208,115
Steve Bardo,196,86
David Benoit,203,99
Terrell Brandon,180,81
Kevin Brooks,198,90
Myron Brown,190,81
Randy Brown,203,99
Demetrius Calip,185,74
Pete Chilcutt,208,104
Marty Conlon,208,101
Tom Copa,208,124
Chris Corchiani,183,83
Corey Crowder,196,97
Dale Davis,211,104
Bison Dele,206,106
Patrick Eddie,211,108
LeRon Ellis,208,95
Rick Fox,201,104
Chris Gatling,208,99
Paul Graham,198,90
Sean Green,196,95
Carl Herrera,206,97
Donald Hodge,213,104
Brian Howard,198,92
Cedric Hunter,183,81
Mike Iuzzolino,178,79
Rich King,218,117
Doug Lee,196,90
Luc Longley,218,120
Kevin Lynch,196,88
Mark Macon,196,83
Tharon Mayes,190,79
Rodney Monroe,190,83
Tracy Moore,193,90
Eric Murdock,185,86
Dikembe Mutombo*,218,111
Jimmy Oliver,196,92
Billy Owens,203,99
Keith Owens,201,102
Robert Pack,188,81
Elliot Perry,183,68
Bobby Phills,196,95
Mark Randall,203,106
Stanley Roberts,213,129
Doug Smith,188,86
LaBradford Smith,203,97
Steve Smith,201,90
Larry Stewart,203,99
Derek Strong,203,99
Lamont Strothers,193,86
Greg Sutton,188,77
Carl Thomas,193,79
Charles Thomas,190,79
Stephen Thompson,193,83
John Turner,203,111
Joao Vianna,206,97
Eric Anderson,206,99
Anthony Avent,206,106
Jon Barry,193,88
Tony Bennett,183,79
Alex Blackwell,198,113
Ricky Blanton,201,97
Walter Bond,196,90
Dexter Cambridge,201,101
Doug Christie,198,90
Duane Cooper,185,83
Joe Courtney,203,106
John Crotty,185,83
Radisav Curcic,208,124
Lloyd Daniels,201,92
Hubert Davis,196,83
Todd Day,198,85
Richard Dumas,190,77
Pat Durham,201,95
LaPhonso Ellis,203,108
Matt Geiger,213,110
Litterial Green,185,83
Tom Gugliotta,208,108
Jay Guidinger,208,115
Robert Horry,206,99
Byron Houston,196,113
Stephen Howard,206,102
Jim Jackson,198,99
Keith Jennings,170,72
Dave Johnson,201,95
Thomas Jordan,208,99
Adam Keefe,206,104
Christian Laettner,211,106
Sam Mack,201,99
Don MacLean,208,106
Marlon Maxey,203,113
Lee Mayberry,185,78
Oliver Miller,206,127
Harold Miner,196,95
Isaiah Morris,203,103
Alonzo Mourning*,208,108
Tracy Murray,201,102
Melvin Newbern,193,90
Shaquille O'Neal*,216,147
Matt Othick,188,74
Doug Overton,190,86
Anthony Peeler,193,94
Brent Price,185,74
Anthony Pullard,208,111
Sean Rooks,208,113
Malik Sealy,203,86
Chris Smith,208,104
Reggie Smith,208,108
Andre Spencer,198,95
Elmore Spencer,213,122
Latrell Sprewell,196,86
Barry Stevens,196,88
Bryant Stith,196,94
Gundars Vetra,198,88
Clarence Weatherspoon,198,108
Marcus Webb,206,115
Robert Werdann,211,113
Corey Williams,188,86
Lorenzo Williams,206,90
Walt Williams,193,88
Randy Woods,178,83
Gary Alexander,201,108
Vin Baker,211,105
Corie Blount,206,108
Shawn Bradley,229,106
P.J. Brown,229,106
Evers Burns,203,117
Scott Burrell,201,98
Mitchell Butler,188,77
Sam Cassell,190,83
Calbert Cheaney,201,94
Michael Curry,196,95
Antonio Davis,206,97
Brian Davis,190,81
Terry Dehere,188,86
Dell Demps,190,92
Acie Earl,208,108
Bill Edwards,203,97
Doug Edwards,201,99
Harold Ellis,196,90
Alphonso Ford,185,86
Chad Gallagher,208,115
Andrew Gaze,201,92
Ricky Grace,185,81
Greg Graham,193,78
Josh Grant,206,101
Andres Guibert,208,102
Geert Hammink,213,118
Anfernee Hardaway,201,88
Lucious Harris,196,86
Antonio Harvey,211,102
Scott Haskin,211,113
Skeeter Henry,201,86
Allan Houston,198,90
Lindsey Hunter,188,77
Bobby Hurley,183,74
Stanley Jackson,190,83
Chris Jent,201,99
Ervin Johnson,188,92
Popeye Jones,203,113
Adonis Jordan,180,77
Reggie Jordan,193,88
Warren Kidd,206,106
Chris King,203,97
Toni Kukoc,208,87
George Lynch,203,98
Malcolm Mackey,206,112
Gerald Madkins,193,90
Bob Martin,213,113
Jamal Mashburn,203,108
Darnell Mee,196,79
Chris Mills,198,97
Darren Morningstar,208,106
Gheorghe Muresan,231,137
Bo Outlaw,203,95
Mike Peplowski,208,122
Richard Petruska,208,117
Dino Radja,211,102
Isaiah Rider,196,97
Eric Riley,213,111
James Robinson,198,95
Rodney Rogers,201,106
Bryon Russell,201,102
Kevin Thompson,211,117
Keith Tower,211,113
Nick Van,211,113
Rex Walters,193,86
Chris Webber,206,111
Matt Wenstrom,216,113
David Wesley,183,86
Chris Whitney,183,76
Aaron Williams,206,99
Luther Wright,218,122
Derrick Alston,211,102
Darrell Armstrong,183,77
Sergei Bazarevich,188,76
Elmer Bennett,183,77
James Blackwell,183,86
Tim Breaux,201,97
Chris Childs,190,88
Bill Curley,206,99
Yinka Dare,213,120
Tony Dumas,198,86
Howard Eisley,188,80
Matt Fish,211,106
Brian Grant,206,115
Darrin Hancock,201,92
Jerome Harmon,193,86
Grant Hill,203,102
Tom Hovasse,203,92
Juwan Howard,206,108
Askia Jones,196,90
Eddie Jones,208,102
Jason Kidd,193,92
Antonio Lang,211,111
Ryan Lorthridge,193,86
Donyell Marshall,206,98
Darrick Martin,180,77
Jim McIlvaine,216,108
Aaron McKie,196,94
Anthony Miller,206,102
Greg Minor,198,95
Eric Mobley,211,106
Eric Montross,213,122
Dwayne Morton,201,88
Lamond Murray,201,107
Ivano Newbill,206,111
Julius Nwosu,208,115
Wesley Person,198,88
Derrick Phelps,193,82
Eric Piatkowski,201,97
Eldridge Recasner,190,86
Khalid Reeves,190,90
Glenn Robinson,201,102
Carlos Rogers,211,99
Jalen Rose,203,95
Clifford Rozier,211,111
Trevor Ruffin,185,83
Dickey Simpkins,206,112
Reggie Slater,201,97
Mark Strickland,206,95
Aaron Swinson,196,104
Zan Tabak,213,111
Brooks Thompson,193,87
Anthony Tucker,203,99
B.J. Tyler,203,99
Fred Vinson,193,86
Charlie Ward,188,86
Jamie Watson,201,86
Monty Williams,203,102
Dontonio Wingfield,203,116
Sharone Wright,211,117
Cory Alexander,185,83
Jerome Allen,193,83
John Amaechi,208,122
Ashraf Amaya,203,104
Brent Barry,198,83
Corey Beck,185,86
Mario Bennett,198,106
Travis Best,180,82
Melvin Booker,185,83
Donnie Boyce,196,88
Marques Bragg,203,104
Junior Burrough,203,109
Jason Caffey,203,115
Chris Carr,196,93
Randolph Childress,188,85
Robert Churchwell,198,88
Charles Claxton,213,120
John Coker,213,114
Rastko Cvetkovic,216,117
Sasha Danilovic,196,90
Andrew DeClercq,208,104
Tyus Edney,178,68
Vincenzo Esposito,190,89
Michael Finley,201,97
Sherell Ford,201,95
Kevin Garnett,211,108
Anthony Goldwire,185,82
Thomas Hamilton,218,149
Alvin Heggs,203,102
Alan Henderson,206,106
Fred Hoiberg,193,92
Darryl Johnson,201,95
Frankie King,185,83
Jimmy King,188,79
Voshon Lenard,193,92
Cedric Lewis,208,106
Martin Lewis,196,95
Rich Manning,211,114
Donny Marshall,206,98
Cuonzo Martin,196,96
Clint McDaniel,193,81
Antonio McDyess,206,99
Loren Meyer,208,116
Lawrence Moten,196,83
Todd Mundt,213,113
Howard Nathan,180,79
Ed O'Bannon,203,100
Greg Ostertag,218,127
Cherokee Parks,196,95
Theo Ratliff,208,102
Bryant Reeves,213,124
Don Reid,203,113
Terrence Rencher,190,83
Shawn Respert,185,88
Lou Roe,201,99
Stefano Rusconi,206,108
Arvydas Sabonis*,221,126
Joe Smith,213,106
Eric Snow,190,86
Jerry Stackhouse,198,98
Damon Stoudamire,178,77
Bob Sura,196,90
Larry Sykes,206,115
Kurt Thomas,206,104
Gary Trent,203,113
Logan Vander,203,97
David Vaughn,211,99
Rasheed Wallace,208,102
Jeff Webster,203,105
Dwayne Whitfield,206,108
Eric Williams,203,99
Corliss Williamson,188,86
George Zidek,213,113
Shareef Abdur-Rahim,206,102
Ray Allen,203,99
Shandon Anderson,198,94
Dexter Boney,193,83
Bruce Bowen,201,83
Mark Bradtke,208,120
Marcus Brown,190,83
Kobe Bryant,198,96
Marcus Camby,211,99
Jimmy Carruth,208,120
Erick Dampier,211,120
Ben Davis,206,108
Emanual Davis,193,88
Tony Delk,185,85
Aleksandar Djordjevic,188,89
Nate Driggers,196,97
Brian Evans,203,99
Jamie Feick,206,115
Derek Fisher,185,90
Todd Fuller,193,81
Dean Garrett,208,102
Reggie Geary,188,84
Devin Gray,201,108
Evric Gray,201,106
Darvin Ham,201,99
Steve Hamer,213,111
Othella Harrington,206,106
Michael Hawkins,183,80
Shane Heal,183,81
Mark Hendrickson,206,99
Allen Iverson*,183,74
Kerry Kittles,196,81
Travis Knight,213,106
Priest Lauderdale,224,147
Randy Livingston,193,94
Horacio Llamas,211,129
Matt Maloney,190,87
Stephon Marbury,188,81
Walter McCarty,208,104
Amal McCaskill,211,106
Jeff McInnis,193,86
Martin Muursepp,206,106
Steve Nash,190,88
Ruben Nembhard,190,94
Gaylon Nickerson,190,86
Moochie Norris,185,79
Jermaine O'Neal,211,102
Ray Owes,206,101
Vitaly Potapenko,208,127
Chris Robinson,196,90
Roy Rogers,201,106
Malik Rose,201,113
Kevin Salvadori,213,104
Jason Sasser,201,102
Brent Scott,208,113
James Scott,198,81
Shawnelle Scott,208,113
Stevin Smith,201,90
Matt Steigenga,201,102
Joe Stephens,201,95
Erick Strickland,190,95
Brett Szabo,211,104
Antoine Walker,193,86
Samaki Walker,206,108
Ben Wallace,206,108
John Wallace,203,102
Donald Whiteside,178,72
Jerome Williams,206,93
Lorenzen Wright,188,92
Tariq Abdul-Wahad,198,101
Derek Anderson,196,87
Chris Anstey,213,112
Drew Barry,196,86
Tony Battie,211,104
Chauncey Billups,190,91
Etdrick Bohannon,206,99
Keith Booth,198,102
Rick Brunson,193,86
Kelvin Cato,211,115
Keith Closs,221,96
James Collins,193,88
James Cotton,201,90
Chris Crawford,206,106
Austin Croshere,206,106
William Cunningham,211,113
Antonio Daniels,193,88
Tim Duncan,211,113
Tony Farmer,206,110
Danny Fortson,201,117
Adonal Foyle,208,113
Lawrence Funderburke,206,104
Chris Garner,178,70
Kiwane Garris,188,83
Ed Gray,190,95
Derek Grimm,206,104
Reggie Hanson,203,88
Jerald Honeycutt,206,111
Troy Hudson,185,77
Zydrunas Ilgauskas,221,107
Bobby Jackson,185,83
Anthony Johnson,196,97
Dontae' Jones,203,99
Brevin Knight,178,78
Rusty LaRue,188,95
Jason Lawson,211,108
Michael McDonald,208,105
Tracy McGrady,203,95
Ron Mercer,201,95
Marko Milic,198,106
Jeff Nordgaard,201,102
Charles O'Bannon,196,94
Kevin Ollie,193,88
Anthony Parker,198,97
Scot Pollard,211,120
Mark Pope,208,106
Rodrick Rhodes,198,102
Shea Seals,196,95
God Shammgod,183,76
Kebu Stewart,203,108
Michael Stewart,208,104
Ed Stokes,213,119
Johnny Taylor,206,99
Maurice Taylor,206,117
John Thomas,198,92
Tim Thomas,208,104
Keith Van,208,104
Jacque Vaughn,185,86
Eric Washington,193,86
Bubba Wells,196,104
DeJuan Wheat,183,74
Alvin Williams,198,90
Brandon Williams,198,97
Travis Williams,198,97
Peter Aluma,208,117
Toby Bailey,198,96
LaMark Baker,185,79
Corey Benjamin,198,90
Mike Bibby,185,86
Earl Boykins,165,61
Gerald Brown,198,86
Cory Carr,190,95
Vince Carter,198,99
Keon Clark,211,99
Kornel David,206,106
Ricky Davis,198,88
Michael Dickerson,196,86
Michael Doleac,211,118
Bryce Drew,188,83
Marlon Garnett,188,84
Pat Garrity,206,107
Paul Grant,213,111
Matt Harpring,201,104
Al Harrington,206,104
J.R. Henderson,206,104
Larry Hughes,196,83
Randell Jackson,188,86
Sam Jacobson,193,97
Jerome James,213,136
Antawn Jamison,203,101
Damon Jones,190,83
Jonathan Kerner,211,111
Gerard King,183,79
Raef LaFrentz,211,108
Rashard Lewis,198,90
Felipe Lopez,196,90
Tyronn Lue,183,79
Sean Marks,208,113
Kelly McCarty,201,90
Jelani McCoy,208,111
Roshown McLeod,203,100
Brad Miller,211,110
Cuttino Mobley,193,86
Nazr Mohammed,208,100
Mikki Moore,211,102
Makhtar N'Diaye,203,111
Tyrone Nesby,198,102
Rasho Nesterovic,213,112
Dirk Nowitzki,213,111
Michael Olowokandi,213,122
Andrae Patterson,206,107
Ruben Patterson,196,101
Paul Pierce,201,106
Casey Shaw,211,117
Jeffrey Sheppard,190,86
Miles Simon,190,91
Alvin Sims,193,106
Brian Skinner,206,115
Ryan Stack,211,97
Vladimir Stepania,213,107
Peja Stojakovic,206,99
Bruno Sundov,218,99
Robert Traylor,203,128
Bonzi Wells,196,95
Tyson Wheeler,178,74
Jahidi White,206,131
Jason Williams,206,108
Shammond Williams,185,91
Trevor Winter,213,124
Korleone Young,201,96
Rafer Alston,188,77
Chucky Atkins,180,72
William Avery,188,89
Jonathan Bender,211,91
Calvin Booth,211,104
Lazaro Borrell,203,99
Cal Bowdler,208,111
Ryan Bowen,201,97
Ira Bowman,196,88
A.J. Bramlett,196,88
Elton Brand,203,124
Greg Buckner,193,95
Rodney Buford,196,85
Anthony Carter,185,86
John Celestand,193,80
Vonteego Cummings,190,83
Baron Davis,190,94
Derrick Dial,193,83
Obinna Ekezie,206,122
Evan Eschmeyer,211,115
Jeff Foster,211,107
Steve Francis,190,88
Devean George,203,99
Dion Glover,196,103
Adrian Griffin,196,98
Richard Hamilton,198,83
Chris Herren,188,89
Derek Hood,203,100
Rick Hughes,196,97
Jermaine Jackson,193,92
Tim James,201,96
Harold Jamison,203,117
DeMarco Johnson,193,83
Jumaine Jones,203,98
Lari Ketner,206,125
Trajan Langdon,190,89
Quincy Lewis,201,97
Todd MacCulloch,213,127
Corey Maggette,198,98
Shawn Marion,201,99
Andre Miller,206,102
Jason Miskiri,188,79
Lamar Odom,208,99
Scott Padgett,206,108
Milt Palacio,190,88
James Posey,203,97
Laron Profit,196,92
Aleksandar Radojevic,221,113
Ryan Robertson,196,86
Eddie Robinson,203,95
Michael Ruffin,206,111
Wally Szczerbiak,198,95
Jason Terry,188,83
Jamel Thomas,198,97
Kenny Thomas,201,118
Mirsad Turkcan,206,107
Wayne Turner,188,86
Dedric Willoughby,190,81
Metta World,190,81
Tim Young,213,99
Courtney Alexander,185,83
Dalibor Bagaric,216,115
Erick Barkley,185,80
Raja Bell,196,92
Mark Blount,213,104
Brian Cardinal,203,111
Mateen Cleaves,188,92
Jason Collier,193,88
Sean Colson,183,79
Jamal Crawford,196,90
Keyon Dooling,190,88
Khalid El-Amin,178,90
Marcus Fizer,206,118
Ruben Garces,206,111
Eddie Gill,183,86
Steve Goodrich,208,99
A.J. Guyton,208,99
Zendon Hamilton,211,113
Jason Hart,190,83
Donnell Harvey,203,99
Eddie House,185,81
Marc Jackson,185,81
Stephen Jackson,190,83
DerMarr Johnson,193,83
Garth Joseph,218,142
Dan Langhi,211,99
Art Long,206,113
Mark Madsen,206,108
Jamaal Magloire,211,117
Kenyon Martin,206,106
Desmond Mason,201,101
Dan McClintock,213,122
Paul McPherson,193,95
Stanislav Medvedenko,208,113
Chris Mihm,213,120
Darius Miles,206,95
Mike Miller,203,98
Jerome Moiso,208,106
Hanno Mottola,211,112
Mamadou N'Diaye,203,111
Lee Nailon,206,107
Eduardo Najera,203,108
Ira Newble,201,99
Olumide Oyedeji,208,108
Andy Panko,206,100
Mike Penberthy,190,83
Morris Peterson,201,98
Chris Porter,201,98
Lavor Postell,196,97
Joel Przybilla,216,115
Michael Redd,198,99
Quentin Richardson,198,101
Terrance Roberson,201,97
Jamal Robinson,198,95
Soumaila Samake,213,104
Pepe Sanchez,193,88
Daniel Santiago,216,116
Jabari Smith,211,113
Mike Smith,208,102
DeShawn Stevenson,196,95
Stromile Swift,206,102
Dragan Tarlac,208,117
Jake Tsakalidis,218,129
Hedo Turkoglu,208,99
David Vanterpool,196,90
Jake Voskuhl,211,111
Ruben Wolkowyski,208,122
Wang Zhizhi,213,115
Malik Allen,208,115
Chris Andersen,208,111
Gilbert Arenas,190,86
Brandon Armstrong,196,85
Carlos Arroyo,188,91
Mengke Bateer,211,131
Shane Battier,203,99
Charlie Bell,190,90
Ruben Boumtje-Boumtje,213,116
Michael Bradley,208,111
Jamison Brewer,193,83
Primoz Brezec,218,114
Damone Brown,188,79
Ernest Brown,213,110
Kedrick Brown,201,100
Kwame Brown,211,122
Tierre Brown,188,85
Tyson Chandler,216,108
Speedy Claxton,180,75
Jarron Collins,193,88
Jason Collins,193,88
Joe Crispin,183,83
Eddy Curry,213,133
Samuel Dalembert,211,115
DeSagana Diop,213,136
Predrag Drobnjak,211,122
Maurice Evans,196,99
Isaac Fontaine,193,95
Alton Ford,185,86
Joseph Forte,193,87
Antonis Fotsis,208,99
Tremaine Fowlkes,203,99
Pau Gasol,213,113
Eddie Griffin,208,99
Tang Hamilton,203,99
Trenton Hassell,196,90
Kirk Haston,206,109
Brendan Haywood,213,121
Steven Hunter,213,99
Mike James,188,85
Richard Jefferson,201,105
Joe Johnson,201,90
Alvin Jones,211,120
Andrei Kirilenko,206,99
Terence Morris,206,100
Troy Murphy,211,111
Dean Oliver,180,81
Tony Parker,188,83
Vladimir Radmanovic,208,102
Zach Randolph,206,117
Zeljko Rebraca,213,116
Jason Richardson,198,99
Norm Richardson,196,86
Jeryl Sasser,198,90
Kenny Satterfield,188,84
Brian Scalabrine,206,109
Ansu Sesay,206,102
Bobby Simmons,201,95
Leon Smith,208,106
Will Solomon,185,83
Etan Thomas,206,116
Jamaal Tinsley,190,88
Oscar Torres,198,95
Jeff Trepagnier,193,90
Ratko Varda,216,117
Gerald Wallace,201,97
Earl Watson,185,88
Rodney White,203,95
Loren Woods,216,111
Robert Archibald,211,113
Maceo Baston,206,97
Mike Batiste,203,102
Lonny Baxter,203,117
Carlos Boozer,206,117
J.R. Bremer,206,117
Devin Brown,185,72
Pat Burke,211,113
Caron Butler,201,103
Rasual Butler,201,97
Dan Dickau,183,86
Juan Dixon,190,74
Melvin Ely,208,117
Reggie Evans,203,111
Dan Gadzuric,211,108
Manu Ginobili,198,92
Gordan Giricek,198,95
Drew Gooden,208,113
Marcus Haislip,208,104
Adam Harrington,196,90
Junior Harrington,193,81
Juaquin Hawkins,201,99
Nene Hilario,211,113
Nate Huffman,216,111
Ryan Humphrey,203,106
Casey Jacobsen,198,97
Marko Jaric,201,89
Chris Jefferies,203,102
Jared Jeffries,211,104
Fred Jones,193,95
Sean Lampley,201,102
Tito Maddox,193,86
Roger Mason,196,90
Yao Ming*,229,140
Ronald Murray,193,86
Bostjan Nachbar,206,100
Mehmet Okur,211,112
Chris Owens,201,111
Jannero Pargo,185,79
Smush Parker,193,86
Tayshaun Prince,206,96
Igor Rakocevic,190,83
Efthimi Rentzias,211,113
Antoine Rigaudeau,201,95
Guy Rucker,211,120
Kareem Rush,198,97
John Salmons,201,95
Jamal Sampson,211,106
Predrag Savovic,198,102
Paul Shirley,208,104
Tamar Slay,203,97
Amar'e Stoudemire,208,111
Cezary Trybanski,218,108
Nikoloz Tskitishvili,213,102
Dajuan Wagner,183,77
Jiri Welsch,201,94
Chris Wilcox,208,100
Mike Wilks,178,83
Frank Williams,193,86
Jay Williams,206,108
Qyntel Woods,203,100
Vincent Yarbrough,201,95
Carmelo Anthony,203,108
Marcus Banks,188,90
Leandro Barbosa,190,87
Matt Barnes,203,95
Jerome Beasley,208,107
Troy Bell,185,81
Steve Blake,190,78
Keith Bogans,196,97
Curtis Borchardt,213,108
Chris Bosh,211,106
Torraye Braggs,203,111
Zarko Cabarkapa,211,106
Matt Carroll,198,96
Maurice Carter,196,95
Brian Cook,206,106
Omar Cook,185,86
Marquis Daniels,198,90
Josh Davis,188,77
Boris Diaw,203,113
Kaniel Dickens,203,97
Ronald Dupree,201,94
Ndudi Ebi,206,90
Francisco Elson,213,106
Desmond Ferguson,201,92
T.J. Ford,201,92
Richie Frahm,196,95
Hiram Fuller,206,108
Reece Gaines,198,92
Alex Garcia,190,99
Willie Green,193,90
Ben Handlogten,208,108
Travis Hansen,198,92
Udonis Haslem,203,106
Jarvis Hayes,201,99
Kirk Hinrich,193,86
Josh Howard,201,95
Brandon Hunter,201,117
LeBron James,203,113
Britton Johnsen,208,95
Linton Johnson,203,92
Dahntay Jones,190,83
James Jones,190,81
Chris Kaman,213,120
Jason Kapono,203,96
Kyle Korver,201,96
Maciej Lampe,211,124
Raul Lopez,185,77
Keith McLeod,188,85
Darko Milicic,213,113
Travis Outlaw,206,95
Zaza Pachulia,211,122
Sasha Pavlovic,211,122
Desmond Penigar,201,111
Kirk Penney,196,99
Kendrick Perkins,208,122
Mickael Pietrus,198,97
Zoran Planinic,201,88
Luke Ridnour,188,79
Theron Smith,203,102
Darius Songaila,206,112
Mike Sweetney,203,124
Ime Udoka,198,97
Slavko Vranes,226,124
Dwyane Wade,193,99
Luke Walton,203,106
David West,206,113
Mo Williams,203,102
Tony Allen,193,96
Rafael Araujo,211,127
Trevor Ariza,203,97
Maurice Baker,185,79
Andre Barrett,178,78
Andris Biedrins,211,108
Tony Bobbitt,193,86
Matt Bonner,208,106
Antonio Burks,185,90
Jackie Butler,208,113
Geno Carlisle,190,81
Lionel Chalmers,183,81
Josh Childress,203,95
Nick Collison,208,115
Erik Daniels,203,97
Carlos Delfino,198,104
Luol Deng,206,99
Chris Duhon,185,83
Corsley Edwards,206,124
John Edwards,213,124
Andre Emmett,196,104
Luis Flores,188,90
Matt Freije,208,108
Ben Gordon,190,90
Devin Harris,190,87
David Harrison,213,127
Dwight Howard,211,120
Kris Humphries,206,106
Andre Iguodala,198,97
Didier Ilunga-Mbenga,198,97
Royal Ivey,190,90
Al Jefferson,208,131
Horace Jenkins,185,81
Mario Kasun,216,117
Viktor Khryapa,206,95
Brandin Knight,178,78
Nenad Krstic,213,108
Ibo Kutluay,198,90
Shaun Livingston,201,87
Kevin Martin,206,106
Jameer Nelson,183,86
Andres Nocioni,201,102
Emeka Okafor,208,114
Pavel Podkolzin,226,117
Peter John,226,117
Justin Reed,203,108
Jared Reiner,211,115
Bernard Robinson,198,95
Quinton Ross,198,88
Ha Seung-Jin,221,138
Donta Smith,188,86
J.R. Smith,188,86
Josh Smith,213,106
Kirk Snyder,198,102
Pape Sow,208,113
Awvee Storey,198,100
Robert Swift,213,111
Yuta Tabuse,175,74
Sebastian Telfair,183,74
Billy Thomas,193,94
James Thomas,198,97
Beno Udrih,190,92
Anderson Varejao,208,123
Jackson Vroman,208,99
Sasha Vujacic,201,88
Delonte West,193,81
Damien Wilkins,208,99
Dorell Wright,206,92
Alex Acker,196,83
Alan Anderson,198,99
Martynas Andriuskevicius,218,108
Earl Barron,213,113
Eddie Basden,196,97
Brandon Bass,203,113
Esteban Batista,208,122
Andray Blatche,211,106
Andrew Bogut,213,117
Kevin Burleson,190,92
Andrew Bynum,213,129
Will Bynum,183,83
Jose Calderon,190,90
Travis Diener,185,79
Ike Diogu,203,113
Monta Ellis,190,83
Daniel Ewing,190,83
Noel Felix,206,102
Raymond Felton,185,92
Gerald Fitch,190,85
Sharrod Ford,201,95
Channing Frye,211,115
Deng Gai,206,113
Francisco Garcia,201,88
Ryan Gomes,201,113
Joey Graham,201,102
Stephen Graham,198,97
Danny Granger,206,100
Devin Green,201,95
Gerald Green,201,92
Orien Greene,193,94
Anthony Grundy,190,81
Chuck Hayes,198,108
Luther Head,190,83
Julius Hodge,201,95
Randy Holcomb,206,102
Jarrett Jack,190,90
Sarunas Jasikevicius,193,88
Amir Johnson,206,108
Dwayne Jones,208,95
Linas Kleiza,203,111
Yaroslav Korolev,206,92
David Lee,201,102
Arvydas Macijauskas,193,97
Rawle Marshall,206,86
Jason Maxiell,201,117
Sean May,206,120
Rashad McCants,193,93
Aaron Miles,185,79
C.J. Miles,185,79
Sergei Monia,203,99
Boniface N'Dong,213,89
Fabricio Oberto,208,111
Andre Owens,193,90
Chris Paul,183,79
Johan Petro,213,112
Josh Powell,206,102
Ronnie Price,188,86
Shavlik Randolph,208,108
Anthony Roberson,196,83
Lawrence Roberts,206,108
Nate Robinson,175,81
Melvin Sanders,196,95
Alex Scales,193,83
Luke Schenscher,216,115
Wayne Simien,206,115
James Singleton,203,97
Salim Stoudamire,185,81
Chris Taft,208,117
Donell Taylor,198,81
Dijon Thompson,201,88
Ronny Turiaf,208,112
Charlie Villanueva,211,105
Von Wafer,196,95
Matt Walsh,198,92
Hakim Warrick,206,99
Martell Webster,216,102
Robert Whaley,208,117
Deron Williams,190,90
Lou Williams,206,90
Marvin Williams,185,89
Antoine Wright,201,95
Bracey Wright,211,102
Derrick Zimmerman,190,88
Hassan Adams,193,99
Maurice Ager,196,91
LaMarcus Aldridge,211,117
Lou Amundson,206,99
Hilton Armstrong,211,106
James Augustine,208,106
Kelenna Azubuike,196,99
Renaldo Balkman,203,94
J.J. Barea,203,94
Andrea Bargnani,213,111
Will Blalock,183,92
Josh Boone,208,107
Cedric Bozeman,198,93
Ronnie Brewer,193,81
Andre Brown,206,111
Shannon Brown,193,92
Rodney Carney,201,92
Mardy Collins,198,99
Will Conroy,188,88
Paul Davis,211,122
Yakhouba Diawara,201,102
Quincy Douby,190,79
Jordan Farmar,188,81
Desmon Farmer,196,99
Randy Foye,193,96
Jorge Garbajosa,206,111
Rudy Gay,203,104
Mickael Gelabale,201,97
Daniel Gibson,188,86
Andreas Glyniadakis,216,127
Lynn Greer,188,79
Mike Hall,203,104
Walter Herrmann,206,102
Robert Hite,188,83
Ryan Hollins,213,108
Mile Ilic,216,104
Ersan Ilyasova,208,106
Alexander Johnson,206,108
Solomon Jones,208,104
Tarence Kinsey,198,83
James Lang,208,129
Kyle Lowry,183,92
Renaldo Major,201,90
Damir Markota,208,102
Chris McCray,196,87
Ivan McFarlin,203,108
Pops Mensah-Bonsu,206,108
Paul Millsap,203,111
Randolph Morris,208,120
Adam Morrison,203,92
David Noel,198,104
Steve Novak,208,102
Patrick O'Bryant,213,117
Kevinn Pinkney,208,111
Leon Powe,203,108
Roger Powell,198,106
Chris Quinn,188,83
Allan Ray,188,86
J.J. Redick,188,86
Jeremy Richardson,198,83
Sergio Rodriguez,190,79
Rajon Rondo,185,84
Brandon Roy,198,97
Thabo Sefolosha,201,99
Mouhamed Sene,201,99
Cedric Simmons,206,106
Uros Slokar,208,107
Craig Smith,201,113
Steven Smith,201,90
Vassilis Spanoulis,193,88
Tyrus Thomas,206,97
P.J. Tucker,206,97
Marcus Vinicius,206,97
James White,206,131
Justin Williams,208,102
Marcus Williams,185,89
Shawne Williams,185,91
Shelden Williams,185,91
Arron Afflalo,196,95
Blake Ahearn,188,86
Lance Allred,211,113
Morris Almond,198,102
Joel Anthony,206,111
Marco Belinelli,196,95
Corey Brewer,206,84
Aaron Brooks,183,73
Wilson Chandler,203,102
Mike Conley,185,79
Daequan Cook,190,83
Javaris Crittenton,196,90
Jermareo Davidson,208,104
Glen Davis,206,131
Guillermo Diaz,188,87
Jared Dudley,201,102
Kevin Durant,206,108
Nick Fazekas,211,106
Kyrylo Fesenko,216,130
Thomas Gardner,196,102
Marcin Gortat,211,108
Aaron Gray,213,122
Jeff Green,196,88
Taurean Green,183,80
Mike Harris,198,108
Spencer Hawes,216,111
Al Horford,208,111
Yi Jianlian,213,108
Coby Karl,196,97
Carl Landry,206,112
Keith Langford,193,97
Stephane Lasme,203,97
Acie Law,190,88
Ian Mahinmi,211,113
Dominic McGuire,206,99
Josh McRoberts,208,108
Jamario Moon,203,92
Juan Carlos,203,92
Demetris Nichols,203,97
Joakim Noah,211,104
Oleksiy Pecherov,213,105
Kosta Perovic,218,108
Kasib Powell,201,97
Gabe Pruitt,193,77
Chris Richard,206,122
Cheikh Samb,216,111
Luis Scola,206,108
Ramon Sessions,190,86
Courtney Sims,208,111
Jason Smith,211,113
D.J. Strawberry,211,113
Rodney Stuckey,196,95
Al Thornton,203,99
Alando Tucker,203,86
Darius Washington,188,88
Darryl Watkins,211,117
C.J. Watson,211,117
Mario West,208,104
Sean Williams,208,106
Brandan Wright,211,102
Julian Wright,203,102
Nick Young,201,95
Thaddeus Young,203,100
Alexis Ajinca,218,112
Joe Alexander,203,104
Ryan Anderson,208,108
Darrell Arthur,206,106
D.J. Augustin,206,106
Nicolas Batum,203,90
Jerryd Bayless,190,90
Michael Beasley,206,106
Bobby Brown,193,92
Mario Chalmers,188,86
Joe Crawford,196,95
Joey Dorsey,203,121
Chris Douglas-Roberts,201,90
Goran Dragic,190,86
Rudy Fernandez,198,83
Danilo Gallinari,208,102
Marc Gasol,216,115
J.R. Giddens,216,115
Eric Gordon,193,97
Donte Greene,211,102
Hamed Haddadi,218,115
Malik Hairston,198,99
Roy Hibbert,218,122
J.J. Hickson,218,122
George Hill,190,85
Steven Hill,213,112
Othello Hunter,203,102
Darnell Jackson,206,114
Nathan Jawai,208,127
Dontell Jefferson,196,88
Trey Johnson,196,98
DeAndre Jordan,211,120
Kosta Koufos,213,120
Rob Kurz,206,105
Courtney Lee,196,90
Brook Lopez,213,124
Robin Lopez,213,115
Kevin Love,208,113
Cartier Martin,201,99
O.J. Mayo,201,99
Luc Mbah,201,99
JaVale McGee,213,122
Anthony Morrow,196,95
DeMarcus Nelson,193,90
Greg Oden,213,113
Anthony Randolph,208,92
Derrick Rose,190,86
Brandon Rush,198,99
Walter Sharpe,206,111
Sean Singletary,183,83
Marreese Speights,208,115
Mike Taylor,188,74
Jason Thompson,185,83
Anthony Tolliver,203,108
Roko Ukic,196,83
Henry Walker,196,83
Kyle Weaver,198,91
Sonny Weems,198,92
Russell Westbrook,190,90
D.J. White,190,90
Jawad Williams,206,108
Sun Yue,206,92
David Andersen,208,104
Antonio Anderson,188,83
Jeff Ayres,188,83
Rodrigue Beaubois,183,77
DeJuan Blair,201,122
Jon Brockman,201,115
Derrick Brown,185,72
Chase Budinger,201,94
DeMarre Carroll,203,97
Omri Casspi,206,102
Earl Clark,208,102
Darren Collison,183,79
Dante Cunningham,203,104
JamesOn Curry,190,86
Stephen Curry,190,86
Austin Daye,211,99
DeMar DeRozan,201,100
Toney Douglas,188,88
Wayne Ellington,193,90
Tyreke Evans,198,99
Jonny Flynn,183,83
Sundiata Gaines,185,83
Alonzo Gee,198,102
Taj Gibson,206,102
Trey Gilder,206,83
Danny Green,206,100
Taylor Griffin,201,107
Tyler Hansbrough,206,113
James Harden,196,99
Jordan Hill,208,106
Jrue Holiday,193,92
Lester Hudson,190,86
Chris Hunter,211,108
Serge Ibaka,208,106
Cedric Jackson,190,86
Othyus Jeffers,196,90
Brandon Jennings,185,77
Jonas Jerebko,208,104
James Johnson,206,113
Oliver Lafayette,188,86
Marcus Landry,201,104
Ty Lawson,180,88
Wesley Matthews,185,77
Eric Maynor,190,79
Jodie Meeks,193,95
Patty Mills,203,111
Byron Mullens,213,124
A.J. Price,213,124
DaJuan Summers,203,104
Jermaine Taylor,193,79
Jeff Teague,188,84
Garrett Temple,198,88
Hasheem Thabeet,221,119
Marcus Thornton,193,92
Terrence Williams,198,99
Sam Young,198,99
Jeff Adrien,201,111
Solomon Alabi,216,113
Cole Aldrich,211,113
Al-Farouq Aminu,206,99
James Anderson,198,96
Omer Asik,213,115
Luke Babbitt,206,102
Eric Bledsoe,185,86
Trevor Booker,203,103
Craig Brackins,208,104
Avery Bradley,188,81
Derrick Caracter,206,124
Sherron Collins,180,92
Marcus Cousin,211,111
DeMarcus Cousins,211,122
Jordan Crawford,196,95
Ed Davis,208,108
Zabian Dowdell,190,86
Devin Ebanks,206,97
Semih Erden,213,108
Jeremy Evans,206,90
Patrick Ewing,213,108
Christian Eyenga,196,95
Derrick Favors,208,120
Landry Fields,201,95
Gary Forbes,201,99
Paul George,206,99
Blake Griffin,208,113
Luke Harangody,203,111
Manny Harris,196,83
Gordon Hayward,203,102
Lazar Hayward,198,102
Xavier Henry,198,99
Damion James,201,102
Eugene Jeter,180,79
Armon Johnson,196,107
Chris Johnson,183,77
Wesley Johnson,201,97
Dominique Jones,203,99
Gani Lawal,206,106
Jeremy Lin,190,90
Greg Monroe,211,120
Timofey Mozgov,216,124
Hamady N'Diaye,213,106
Gary Neal,193,95
Larry Owens,201,95
Patrick Patterson,206,104
Nikola Pekovic,211,139
Dexter Pittman,211,139
Quincy Pondexter,201,99
Andy Rautins,193,86
Samardo Samuels,206,117
Larry Sanders,211,106
Kevin Seraphin,206,129
Mustafa Shakur,190,86
Garret Siler,211,138
Ish Smith,183,79
Tiago Splitter,211,111
Lance Stephenson,196,104
Pape Sy,201,102
Evan Turner,201,99
Ekpe Udoh,208,108
Ben Uzoh,190,92
Greivis Vasquez,198,98
John Wall,193,88
Willie Warren,193,92
Hassan Whiteside,213,120
Lavoy Allen,206,117
Gustavo Ayon,208,113
Keith Benson,208,106
Bismack Biyombo,206,115
MarShon Brooks,196,90
Alec Burks,198,97
Jimmy Butler,201,99
Derrick Byars,201,99
Norris Cole,188,79
Eric Dawson,206,113
Justin Dentmon,180,83
Jerome Dyson,190,81
Kenneth Faried,203,103
Jeff Foote,213,120
Courtney Fortson,180,83
Jimmer Fredette,188,88
Mickell Gladness,211,99
Andrew Goudelock,190,90
Jordan Hamilton,178,72
Justin Harper,208,102
Josh Harrellson,208,124
Terrel Harris,196,86
Tobias Harris,190,86
Cory Higgins,196,81
Darington Hobson,201,95
Tyler Honeycutt,203,85
Dennis Horner,206,104
Kyrie Irving,190,87
Reggie Jackson,190,94
Charles Jenkins,190,99
Carldell Johnson,178,81
Ivan Johnson,203,104
JaJuan Johnson,206,113
Jerome Jordan,213,114
Cory Joseph,190,87
Enes Kanter,211,111
D.J. Kennedy,211,111
Brandon Knight,178,78
Malcolm Lee,196,90
Kawhi Leonard,201,104
Travis Leslie,193,92
Jon Leuer,208,103
DeAndre Liggins,198,94
Shelvin Mack,190,92
Vernon Macklin,208,102
E'Twaun Moore,208,102
Darius Morris,193,86
Marcus Morris,188,88
Markieff Morris,188,88
Daniel Orton,208,115
Jeremy Pargo,188,99
Chandler Parsons,208,104
Ryan Reid,203,105
Ricky Rubio,193,87
Josh Selby,188,83
Iman Shumpert,196,99
Xavier Silas,196,92
Chris Singleton,203,104
Donald Sloan,190,92
Jerry Smith,188,86
Nolan Smith,188,83
Greg Stiemsma,211,117
Julyan Stone,198,90
Isaiah Thomas,185,81
Lance Thomas,203,106
Malcolm Thomas,206,102
Trey Thompkins,206,107
Klay Thompson,201,97
Mychel Thompson,208,102
Tristan Thompson,206,107
Jeremy Tyler,208,117
Edwin Ubiles,198,92
Jan Vesely,211,108
Nikola Vucevic,213,117
Kemba Walker,203,95
Derrick Williams,190,90
Elliot Williams,196,86
Jordan Williams,188,83
Chris Wright,203,102
Quincy Acy,201,108
Josh Akognon,180,83
Harrison Barnes,190,92
Will Barton,198,79
Aron Baynes,208,117
Kent Bazemore,196,91
Bradley Beal,196,93
Patrick Beverley,185,83
Victor Claver,206,101
Chris Copeland,206,108
Jae Crowder,198,106
Jared Cunningham,193,88
Anthony Davis,206,97
Nando De,206,97
Andre Drummond,211,126
Kim English,198,90
Festus Ezeli,211,115
Evan Fournier,201,92
Joel Freeland,208,113
Diante Garrett,190,83
Draymond Green,201,104
Ben Hansbrough,190,92
Maurice Harkless,206,97
John Henson,211,103
Justin Holiday,198,83
Bernard James,208,108
John Jenkins,193,97
Orlando Johnson,196,99
Darius Johnson-Odom,201,95
DeQuan Jones,203,100
Kevin Jones,203,113
Perry Jones,211,106
Terrence Jones,206,114
Kris Joseph,201,95
Michael Kidd-Gilchrist,201,105
Viacheslav Kravtsov,213,117
Doron Lamb,193,95
Jeremy Lamb,196,83
Meyers Leonard,216,111
Damian Lillard,190,88
Scott Machado,185,92
Kendall Marshall,193,90
Fab Melo,213,115
Khris Middleton,203,106
Darius Miller,203,106
Quincy Miller,206,95
Donatas Motiejunas,213,100
Arnett Moultrie,211,112
Kevin Murphy,196,83
Andrew Nicholson,206,113
Kyle O'Quinn,208,113
Tim Ohlbrecht,211,115
Miles Plumlee,211,112
Pablo Prigioni,190,83
Austin Rivers,193,90
Brian Roberts,185,78
Thomas Robinson,208,107
Terrence Ross,201,93
Robert Sacre,213,122
Mike Scott,203,107
Tornike Shengelia,206,98
Alexey Shved,198,86
Henry Sims,208,112
Kyle Singler,203,103
Jared Sullinger,206,117
Jeffery Taylor,193,79
Tyshawn Taylor,190,83
Marquis Teague,188,85
Mirza Teletovic,206,109
Jonas Valanciunas,213,120
Jarvis Varnado,206,104
Dion Waiters,193,102
Maalik Wayns,188,90
Tony Wroten,198,92
Luke Zeller,211,111
Tyler Zeller,213,114
Steven Adams,213,115
Giannis Antetokounmpo,211,100
Pero Antic,211,117
Chris Babb,196,102
Anthony Bennett,203,111
Vander Blue,193,90
Lorenzo Brown,196,85
Reggie Bullock,201,92
Trey Burke,185,86
Dwight Buycks,190,86
Nick Calathes,198,96
Kentavious Caldwell-Pope,196,92
Isaiah Canaan,183,91
Michael Carter-Williams,198,86
Dionte Christmas,196,92
Ian Clark,190,79
Robert Covington,206,97
Allen Crabbe,198,95
Seth Curry,188,83
Troy Daniels,193,92
Luigi Datome,203,97
Brandon Davies,208,108
Dewayne Dedmon,213,111
Matthew Dellavedova,193,89
Gorgui Dieng,211,109
Shane Edwards,201,99
Vitor Faverani,211,117
Carrick Felix,198,91
Jamaal Franklin,196,86
Rudy Gobert,216,111
Archie Goodwin,196,90
Jorge Gutierrez,190,86
Justin Hamilton,213,117
Elias Harris,203,108
Solomon Hill,201,102
Scotty Hopson,201,92
Robbie Hummel,203,97
Sergey Karasev,201,94
Ryan Kelly,211,104
Ognjen Kuzmic,216,113
Shane Larkin,180,79
Ricky Ledo,201,88
Alex Len,216,117
Ray McCallum,190,86
C.J. McCollum,190,86
Ben McLemore,196,88
Gal Mekel,190,86
Tony Mitchell,201,92
Shabazz Muhammad,198,101
Erik Murphy,208,104
Toure' Murry,196,88
Mike Muscala,211,108
Nemanja Nedovic,190,87
James Nunnally,201,92
Victor Oladipo,193,95
Kelly Olynyk,213,107
Arinze Onuaku,206,115
Mason Plumlee,211,111
Otto Porter,203,89
Phil Pressey,180,79
Miroslav Raduljica,213,113
Andre Roberson,196,83
Dennis Schroder,185,78
Peyton Siva,183,83
Tony Snell,201,90
James Southerland,203,97
D.J. Stephens,203,97
Adonis Thomas,201,90
Hollis Thompson,203,93
Casper Ware,178,79
Royce White,203,95
Jeff Withey,213,104
Nate Wolters,193,86
Cody Zeller,213,108
Jordan Adams,196,94
Furkan Aldemir,208,108
Kyle Anderson,206,104
Cameron Bairstow,206,113
Jerrelle Benimon,203,111
Sim Bhullar,226,163
Tarik Black,206,113
Bojan Bogdanovic,198,92
Jabari Brown,193,97
Markel Brown,190,83
Bruno Caboclo,206,98
Clint Capela,206,98
Will Cherry,183,83
Patrick Christopher,196,94
Jordan Clarkson,196,87
Jack Cooley,206,117
Bryce Cotton,185,74
Andre Dawkins,196,97
Spencer Dinwiddie,198,90
Zoran Dragic,196,90
Cleanthony Early,203,95
James Ennis,201,95
Tyler Ennis,190,87
Dante Exum,198,86
Tim Frazier,185,77
Langston Galloway,188,90
Aaron Gordon,206,99
Drew Gordon,206,111
Jerami Grant,203,95
Erick Green,193,83
JaMychal Green,206,102
P.J. Hairston,206,102
Gary Harris,193,95
Joe Harris,198,99
Rodney Hood,203,93
Joe Ingles,203,102
Cory Jefferson,206,98
Grant Jerrett,208,106
Nick Johnson,190,91
Tyler Johnson,193,84
Sean Kilpatrick,193,95
Alex Kirk,213,111
Joffrey Lauvergne,211,99
Zach LaVine,196,85
Kalin Lucas,185,88
Devyn Marble,198,90
James Michael,198,90
K.J. McDaniels,198,90
Doug McDermott,203,102
Mitch McGary,208,115
Jerel McNeal,190,90
Elijah Millsap,198,102
Nikola Mirotic,208,99
Eric Moreland,208,107
Shabazz Napier,185,79
Nerlens Noel,211,103
Lucas Nogueira,213,109
Jusuf Nurkic,213,127
Johnny O'Bryant,206,116
Kostas Papanikolaou,203,102
Jabari Parker,203,113
Adreian Payne,208,107
Elfrid Payton,193,83
Dwight Powell,211,108
Julius Randle,206,113
Damjan Rudez,208,103
JaKarr Sampson,211,106
Marcus Smart,193,99
Russ Smith,183,74
Nik Stauskas,198,92
David Stockton,180,74
Jarnell Stokes,206,119
Noah Vonleh,208,108
T.J. Warren,208,108
David Wear,208,104
Travis Wear,208,104
Shayne Whittington,211,113
Andrew Wiggins,203,90
C.J. Wilcox,203,90
James Young,198,97
Cliff Alexander,203,111
Justin Anderson,198,103
Thanasis Antetokounmpo,201,92
Keith Appling,185,83
Nemanja Bjelica,208,108
Devin Booker,198,93
Anthony Brown,206,111
Willie Cauley-Stein,213,108
Rakeem Christmas,206,113
Coty Clarke,201,105
Pat Connaughton,196,93
Branden Dawson,198,102
Bryce Dejean-Jones,198,94
Sam Dekker,206,104
Duje Dukan,206,99
Jarell Eddie,201,98
Cristiano Felicio,208,124
Jerian Grant,203,95
Montrezl Harrell,203,108
Aaron Harrison,198,95
Mario Hezonja,203,97
Darrun Hilliard,198,92
Rondae Hollis-Jefferson,201,99
Richaun Holmes,208,111
Marcelo Huertas,190,90
Josh Huestis,201,104
R.J. Hunter,201,104
Damien Inglis,203,111
Stanley Johnson,203,99
Nikola Jokic,208,113
Tyus Jones,188,88
Frank Kaminsky,213,109
Sasha Kaun,211,117
Kevon Looney,206,99
Trey Lyles,208,106
Boban Marjanovic,221,131
Jarell Martin,208,108
T.J. McConnell,208,108
Chris McCullough,211,90
Jordan McRae,198,83
Salah Mejri,216,111
Jordan Mickey,203,106
Luis Montero,201,83
Emmanuel Mudiay,196,90
Xavier Munford,196,90
Raul Neto,185,81
J.J. O'Brien,185,81
Jahlil Okafor,211,124
Kelly Oubre,201,92
Lamar Patterson,196,102
Cameron Payne,190,83
Tibor Pleiss,221,116
Bobby Portis,211,104
Kristaps Porzingis,221,108
Norman Powell,193,97
Willie Reed,206,106
Josh Richardson,198,90
Terry Rozier,188,86
D'Angelo Russell,188,86
Jonathon Simmons,185,83
Alex Stepheson,208,122
Walter Tavares,221,117
Axel Toupane,201,89
Karl-Anthony Towns,213,110
Myles Turner,211,110
Rashad Vaughn,198,91
Briante Weber,188,74
Alan Williams,198,90
Justise Winslow,201,102
Christian Wood,211,99
Delon Wright,196,83
Joe Young,188,81
Alex Abrines,198,86
Ron Baker,193,99
Wade Baldwin,193,91
Malik Beasley,196,88
DeAndre' Bembry,198,95
Dragan Bender,216,102
Ben Bentil,206,106
Davis Bertans,208,95
Joel Bolomboy,206,106
Malcolm Brogdon,196,97
Jaylen Brown,193,97
Nicolas Brussino,201,88
Marquese Chriss,208,105
Semaj Christon,190,86
Quinn Cook,188,83
Deyonta Davis,211,107
Malcolm Delaney,190,86
Cheick Diallo,206,99
Kris Dunn,193,95
Henry Ellenson,211,111
Joel Embiid,213,113
Kay Felder,175,79
Yogi Ferrell,183,81
Dorian Finney-Smith,203,99
Bryn Forbes,190,86
Patricio Garino,198,95
Michael Gbinije,201,90
Marcus Georges-Hunt,196,97
Jonathan Gibson,188,83
Treveon Graham,198,99
A.J. Hammons,198,99
Andrew Harrison,198,96
Juan Hernangomez,206,104
Willy Hernangomez,211,108
Buddy Hield,193,97
Danuel House,201,93
Brandon Ingram,206,86
Demetrius Jackson,185,91
Pierre Jackson,178,81
Brice Johnson,208,95
Damian Jones,190,83
Derrick Jones,203,100
Mindaugas Kuzminskas,206,97
Skal Labissiere,211,102
Nicolas Laprovittola,193,81
Jake Layman,206,95
Caris LeVert,201,92
Shawn Long,206,115
Timothe Luwawu-Cabarrot,198,92
Thon Maker,216,97
Patrick McCaw,201,83
Sheldon McClellan,196,90
Rodney McGruder,193,92
Dejounte Murray,196,77
Jamal Murray,193,93
Maurice Ndour,206,90
Georges Niang,203,104
David Nwaba,193,94
Daniel Ochefu,211,111
Chinanu Onuaku,208,111
Georgios Papagiannis,216,108
Gary Payton,193,81
Marshall Plumlee,211,111
Jakob Poeltl,213,112
Alex Poythress,201,107
Tim Quarterman,198,88
Chasson Randle,188,83
Malachi Richardson,198,92
Domantas Sabonis,211,108
Dario Saric,208,101
Tomas Satoransky,201,95
Wayne Selden,196,104
Pascal Siakam,206,104
Diamond Stone,211,115
Edy Tavares,211,115
Isaiah Taylor,190,77
Mike Tobey,213,117
Tyler Ulis,178,68
Jarrod Uthoff,206,100
Denzel Valentine,198,96
Fred VanVleet,183,88
Taurean Waller-Prince,183,88
Okaro White,203,92
Isaiah Whitehead,193,96
Troy Williams,198,97
Kyle Wiltjer,208,108
Stephen Zimmerman,213,108
Paul Zipser,203,97
Ivica Zubac,216,120